PROKKA_MOD_00001,83
PROKKA_MOD_00002,83
PROKKA_MOD_00003,83
PROKKA_MOD_00004,83
PROKKA_MOD_00005,83
PROKKA_MOD_00006,83
PROKKA_MOD_00007,83
PROKKA_MOD_00008,83
PROKKA_MOD_00009,83
PROKKA_MOD_00010,83
PROKKA_MOD_00011,83
PROKKA_MOD_00012,83
PROKKA_MOD_00013,83
PROKKA_MOD_00014,83
PROKKA_MOD_00015,83
PROKKA_MOD_00016,83
PROKKA_MOD_00017,83
PROKKA_MOD_00018,83
PROKKA_MOD_00019,83
PROKKA_MOD_00020,83
PROKKA_MOD_00021,83
PROKKA_MOD_00022,83
PROKKA_MOD_00023,83
PROKKA_MOD_00024,83
PROKKA_MOD_00025,83
PROKKA_MOD_00026,83
PROKKA_MOD_00027,83
PROKKA_MOD_00028,83
PROKKA_MOD_00029,83
PROKKA_MOD_00030,83
PROKKA_MOD_00031,83
PROKKA_MOD_00032,83
PROKKA_MOD_00033,83
PROKKA_MOD_00034,83
PROKKA_MOD_00035,83
PROKKA_MOD_00036,83
PROKKA_MOD_00037,83
PROKKA_MOD_00038,83
PROKKA_MOD_00039,83
PROKKA_MOD_00040,83
PROKKA_MOD_00041,83
PROKKA_MOD_00042,83
PROKKA_MOD_00043,83
PROKKA_MOD_00044,83
PROKKA_MOD_00045,83
PROKKA_MOD_00046,83
PROKKA_MOD_00047,83
PROKKA_MOD_00048,83
PROKKA_MOD_00049,83
PROKKA_MOD_00050,83
PROKKA_MOD_00051,83
PROKKA_MOD_00052,83
PROKKA_MOD_00053,83
PROKKA_MOD_00054,83
PROKKA_MOD_00055,83
PROKKA_MOD_00056,83
PROKKA_MOD_00057,83
PROKKA_MOD_00058,83
PROKKA_MOD_00059,83
PROKKA_MOD_00060,83
PROKKA_MOD_00061,83
PROKKA_MOD_00062,83
PROKKA_MOD_00063,83
PROKKA_MOD_00064,83
PROKKA_MOD_00065,83
PROKKA_MOD_00066,83
PROKKA_MOD_00067,83
PROKKA_MOD_00068,83
PROKKA_MOD_00069,83
PROKKA_MOD_00070,83
PROKKA_MOD_00071,83
PROKKA_MOD_00072,83
PROKKA_MOD_00073,83
PROKKA_MOD_00074,83
PROKKA_MOD_00075,83
PROKKA_MOD_00076,83
PROKKA_MOD_00077,83
PROKKA_MOD_00078,83
PROKKA_MOD_00079,83
PROKKA_MOD_00080,83
PROKKA_MOD_00081,83
PROKKA_MOD_00082,83
PROKKA_MOD_00083,83
PROKKA_MOD_00084,83
PROKKA_MOD_00085,83
PROKKA_MOD_00086,83
PROKKA_MOD_00087,83
PROKKA_MOD_00088,83
PROKKA_MOD_00089,83
PROKKA_MOD_00090,83
PROKKA_MOD_00091,83
PROKKA_MOD_00092,83
PROKKA_MOD_00093,83
PROKKA_MOD_00094,83
PROKKA_MOD_00095,83
PROKKA_MOD_00096,83
PROKKA_MOD_00097,83
PROKKA_MOD_00098,83
PROKKA_MOD_00099,83
PROKKA_MOD_00100,83
PROKKA_MOD_00101,83
PROKKA_MOD_00102,83
PROKKA_MOD_00103,83
PROKKA_MOD_00104,83
PROKKA_MOD_00105,83
PROKKA_MOD_00106,83
PROKKA_MOD_00107,83
PROKKA_MOD_00108,83
PROKKA_MOD_00109,83
PROKKA_MOD_00110,83
PROKKA_MOD_00111,83
PROKKA_MOD_00112,83
PROKKA_MOD_00113,83
PROKKA_MOD_00114,83
PROKKA_MOD_00115,83
PROKKA_MOD_00116,83
PROKKA_MOD_00117,83
PROKKA_MOD_00118,83
PROKKA_MOD_00119,83
PROKKA_MOD_00120,83
PROKKA_MOD_00121,83
PROKKA_MOD_00122,83
PROKKA_MOD_00123,83
PROKKA_MOD_00124,83
PROKKA_MOD_00125,83
PROKKA_MOD_00126,83
PROKKA_MOD_00127,83
PROKKA_MOD_00128,83
PROKKA_MOD_00129,83
PROKKA_MOD_00130,83
PROKKA_MOD_00131,83
PROKKA_MOD_00132,83
PROKKA_MOD_00133,83
PROKKA_MOD_00134,83
PROKKA_MOD_00135,83
PROKKA_MOD_00136,83
PROKKA_MOD_00137,83
PROKKA_MOD_00138,83
PROKKA_MOD_00139,83
PROKKA_MOD_00140,83
PROKKA_MOD_00141,83
PROKKA_MOD_00142,83
PROKKA_MOD_00143,83
PROKKA_MOD_00144,83
PROKKA_MOD_00145,83
PROKKA_MOD_00146,83
PROKKA_MOD_00147,83
PROKKA_MOD_00148,83
PROKKA_MOD_00149,83
PROKKA_MOD_00150,83
PROKKA_MOD_00151,83
PROKKA_MOD_00152,83
PROKKA_MOD_00153,83
PROKKA_MOD_00154,83
PROKKA_MOD_00155,83
PROKKA_MOD_00156,83
PROKKA_MOD_00157,83
PROKKA_MOD_00158,83
PROKKA_MOD_00159,83
PROKKA_MOD_00160,83
PROKKA_MOD_00161,83
PROKKA_MOD_00162,83
PROKKA_MOD_00163,83
PROKKA_MOD_00164,83
PROKKA_MOD_00165,83
PROKKA_MOD_00166,83
PROKKA_MOD_00167,83
PROKKA_MOD_00168,83
PROKKA_MOD_00169,83
PROKKA_MOD_00170,83
PROKKA_MOD_00171,83
PROKKA_MOD_00172,83
PROKKA_MOD_00173,83
PROKKA_MOD_00174,83
PROKKA_MOD_00175,83
PROKKA_MOD_00176,83
PROKKA_MOD_00177,83
PROKKA_MOD_00178,83
PROKKA_MOD_00179,83
PROKKA_MOD_00180,83
PROKKA_MOD_00181,83
PROKKA_MOD_00182,83
PROKKA_MOD_00183,83
PROKKA_MOD_00184,83
PROKKA_MOD_00185,83
PROKKA_MOD_00186,83
PROKKA_MOD_00187,83
PROKKA_MOD_00188,83
PROKKA_MOD_00189,83
PROKKA_MOD_00190,83
PROKKA_MOD_00191,83
PROKKA_MOD_00192,83
PROKKA_MOD_00193,83
PROKKA_MOD_00194,83
PROKKA_MOD_00195,83
PROKKA_MOD_00196,83
PROKKA_MOD_00197,83
PROKKA_MOD_00198,83
PROKKA_MOD_00199,83
PROKKA_MOD_00200,83
PROKKA_MOD_00201,83
PROKKA_MOD_00202,83
PROKKA_MOD_00203,83
PROKKA_MOD_00204,83
PROKKA_MOD_00205,83
PROKKA_MOD_00206,83
PROKKA_MOD_00207,83
PROKKA_MOD_00208,83
PROKKA_MOD_00209,83
PROKKA_MOD_00210,83
PROKKA_MOD_00211,83
PROKKA_MOD_00212,83
PROKKA_MOD_00213,83
PROKKA_MOD_00214,83
PROKKA_MOD_00215,83
PROKKA_MOD_00216,83
PROKKA_MOD_00217,83
PROKKA_MOD_00218,83
PROKKA_MOD_00219,83
PROKKA_MOD_00220,83
PROKKA_MOD_00221,83
PROKKA_MOD_00222,83
PROKKA_MOD_00223,83
PROKKA_MOD_00224,83
PROKKA_MOD_00225,83
PROKKA_MOD_00226,83
PROKKA_MOD_00227,83
PROKKA_MOD_00228,83
PROKKA_MOD_00229,83
PROKKA_MOD_00230,83
PROKKA_MOD_00231,83
PROKKA_MOD_00232,83
PROKKA_MOD_00233,83
PROKKA_MOD_00234,83
PROKKA_MOD_00235,83
PROKKA_MOD_00236,83
PROKKA_MOD_00237,83
PROKKA_MOD_00238,83
PROKKA_MOD_00239,83
PROKKA_MOD_00240,83
PROKKA_MOD_00241,83
PROKKA_MOD_00242,83
PROKKA_MOD_00243,83
PROKKA_MOD_00244,83
PROKKA_MOD_00245,83
PROKKA_MOD_00246,83
PROKKA_MOD_00247,83
PROKKA_MOD_00248,83
PROKKA_MOD_00249,83
PROKKA_MOD_00250,83
PROKKA_MOD_00251,83
PROKKA_MOD_00252,83
PROKKA_MOD_00253,83
PROKKA_MOD_00254,83
PROKKA_MOD_00255,83
PROKKA_MOD_00256,83
PROKKA_MOD_00257,83
PROKKA_MOD_00258,83
PROKKA_MOD_00259,83
PROKKA_MOD_00260,83
PROKKA_MOD_00261,83
PROKKA_MOD_00262,83
PROKKA_MOD_00263,83
PROKKA_MOD_00264,83
PROKKA_MOD_00265,83
PROKKA_MOD_00266,83
PROKKA_MOD_00267,83
PROKKA_MOD_00268,83
PROKKA_MOD_00269,83
PROKKA_MOD_00270,83
PROKKA_MOD_00271,83
PROKKA_MOD_00272,83
PROKKA_MOD_00273,83
PROKKA_MOD_00274,83
PROKKA_MOD_00275,83
PROKKA_MOD_00276,83
PROKKA_MOD_00277,83
PROKKA_MOD_00278,83
PROKKA_MOD_00279,83
PROKKA_MOD_00280,83
PROKKA_MOD_00281,83
PROKKA_MOD_00282,83
PROKKA_MOD_00283,83
PROKKA_MOD_00284,83
PROKKA_MOD_00285,83
PROKKA_MOD_00286,83
PROKKA_MOD_00287,83
PROKKA_MOD_00288,83
PROKKA_MOD_00289,83
PROKKA_MOD_00290,83
PROKKA_MOD_00291,83
PROKKA_MOD_00292,83
PROKKA_MOD_00293,83
PROKKA_MOD_00294,83
PROKKA_MOD_00295,83
PROKKA_MOD_00296,83
PROKKA_MOD_00297,83
PROKKA_MOD_00298,83
PROKKA_MOD_00299,83
PROKKA_MOD_00300,83
PROKKA_MOD_00301,83
PROKKA_MOD_00302,83
PROKKA_MOD_00303,83
PROKKA_MOD_00304,83
PROKKA_MOD_00305,83
PROKKA_MOD_00306,83
PROKKA_MOD_00307,83
PROKKA_MOD_00308,83
PROKKA_MOD_00309,83
PROKKA_MOD_00310,83
PROKKA_MOD_00311,83
PROKKA_MOD_00312,83
PROKKA_MOD_00313,83
PROKKA_MOD_00314,83
PROKKA_MOD_00315,83
PROKKA_MOD_00316,83
PROKKA_MOD_00317,83
PROKKA_MOD_00318,83
PROKKA_MOD_00319,83
PROKKA_MOD_00320,83
PROKKA_MOD_00321,83
PROKKA_MOD_00322,83
PROKKA_MOD_00323,83
PROKKA_MOD_00324,83
PROKKA_MOD_00325,83
PROKKA_MOD_00326,83
PROKKA_MOD_00327,83
PROKKA_MOD_00328,83
PROKKA_MOD_00329,83
PROKKA_MOD_00330,83
PROKKA_MOD_00331,83
PROKKA_MOD_00332,83
PROKKA_MOD_00333,83
PROKKA_MOD_00334,83
PROKKA_MOD_00335,83
PROKKA_MOD_00336,83
PROKKA_MOD_00337,83
PROKKA_MOD_00338,83
PROKKA_MOD_00339,83
PROKKA_MOD_00340,83
PROKKA_MOD_00341,83
PROKKA_MOD_00342,83
PROKKA_MOD_00343,83
PROKKA_MOD_00344,83
PROKKA_MOD_00345,83
PROKKA_MOD_00346,83
PROKKA_MOD_00347,83
PROKKA_MOD_00348,83
PROKKA_MOD_00349,83
PROKKA_MOD_00350,83
PROKKA_MOD_00351,83
PROKKA_MOD_00352,83
PROKKA_MOD_00353,83
PROKKA_MOD_00354,83
PROKKA_MOD_00355,83
PROKKA_MOD_00356,83
PROKKA_MOD_00357,83
PROKKA_MOD_00358,83
PROKKA_MOD_00359,83
PROKKA_MOD_00360,83
PROKKA_MOD_00361,83
PROKKA_MOD_00362,83
PROKKA_MOD_00363,83
PROKKA_MOD_00364,83
PROKKA_MOD_00365,83
PROKKA_MOD_00366,83
PROKKA_MOD_00367,83
PROKKA_MOD_00368,83
PROKKA_MOD_00369,83
PROKKA_MOD_00370,83
PROKKA_MOD_00371,83
PROKKA_MOD_00372,83
PROKKA_MOD_00373,83
PROKKA_MOD_00374,83
PROKKA_MOD_00375,83
PROKKA_MOD_00376,83
PROKKA_MOD_00377,83
PROKKA_MOD_00378,83
PROKKA_MOD_00379,83
PROKKA_MOD_00380,83
PROKKA_MOD_00381,83
PROKKA_MOD_00382,83
PROKKA_MOD_00383,83
PROKKA_MOD_00384,83
PROKKA_MOD_00385,83
PROKKA_MOD_00386,83
PROKKA_MOD_00387,83
PROKKA_MOD_00388,83
PROKKA_MOD_00389,83
PROKKA_MOD_00390,83
PROKKA_MOD_00391,83
PROKKA_MOD_00392,83
PROKKA_MOD_00393,83
PROKKA_MOD_00394,83
PROKKA_MOD_00395,83
PROKKA_MOD_00396,83
PROKKA_MOD_00397,83
PROKKA_MOD_00398,83
PROKKA_MOD_00399,83
PROKKA_MOD_00400,83
PROKKA_MOD_00401,83
PROKKA_MOD_00402,83
PROKKA_MOD_00403,83
PROKKA_MOD_00404,83
PROKKA_MOD_00405,83
PROKKA_MOD_00406,83
PROKKA_MOD_00407,83
PROKKA_MOD_00408,83
PROKKA_MOD_00409,83
PROKKA_MOD_00410,83
PROKKA_MOD_00411,83
PROKKA_MOD_00412,83
PROKKA_MOD_00413,83
PROKKA_MOD_00414,83
PROKKA_MOD_00415,83
PROKKA_MOD_00416,83
PROKKA_MOD_00417,83
PROKKA_MOD_00418,83
PROKKA_MOD_00419,83
PROKKA_MOD_00420,83
PROKKA_MOD_00421,83
PROKKA_MOD_00422,83
PROKKA_MOD_00423,83
PROKKA_MOD_00424,83
PROKKA_MOD_00425,83
PROKKA_MOD_00426,83
PROKKA_MOD_00427,83
PROKKA_MOD_00428,83
PROKKA_MOD_00429,83
PROKKA_MOD_00430,83
PROKKA_MOD_00431,83
PROKKA_MOD_00432,83
PROKKA_MOD_00433,83
PROKKA_MOD_00434,83
PROKKA_MOD_00435,83
PROKKA_MOD_00436,83
PROKKA_MOD_00437,83
PROKKA_MOD_00438,83
PROKKA_MOD_00439,83
PROKKA_MOD_00440,83
PROKKA_MOD_00441,83
PROKKA_MOD_00442,83
PROKKA_MOD_00443,83
PROKKA_MOD_00444,83
PROKKA_MOD_00445,83
PROKKA_MOD_00446,83
PROKKA_MOD_00447,83
PROKKA_MOD_00448,83
PROKKA_MOD_00449,83
PROKKA_MOD_00450,83
PROKKA_MOD_00451,83
PROKKA_MOD_00452,83
PROKKA_MOD_00453,83
PROKKA_MOD_00454,83
PROKKA_MOD_00455,83
PROKKA_MOD_00456,83
PROKKA_MOD_00457,83
PROKKA_MOD_00458,83
PROKKA_MOD_00459,83
PROKKA_MOD_00460,83
PROKKA_MOD_00461,83
PROKKA_MOD_00462,83
PROKKA_MOD_00463,83
PROKKA_MOD_00464,83
PROKKA_MOD_00465,83
PROKKA_MOD_00466,83
PROKKA_MOD_00467,83
PROKKA_MOD_00468,83
PROKKA_MOD_00469,83
PROKKA_MOD_00470,83
PROKKA_MOD_00471,83
PROKKA_MOD_00472,83
PROKKA_MOD_00473,83
PROKKA_MOD_00474,83
PROKKA_MOD_00475,83
PROKKA_MOD_00476,83
PROKKA_MOD_00477,83
PROKKA_MOD_00478,83
PROKKA_MOD_00479,83
PROKKA_MOD_00480,83
PROKKA_MOD_00481,83
PROKKA_MOD_00482,83
PROKKA_MOD_00483,83
PROKKA_MOD_00484,83
PROKKA_MOD_00485,83
PROKKA_MOD_00486,83
PROKKA_MOD_00487,83
PROKKA_MOD_00488,83
PROKKA_MOD_00489,83
PROKKA_MOD_00490,83
PROKKA_MOD_00491,83
PROKKA_MOD_00492,83
PROKKA_MOD_00493,83
PROKKA_MOD_00494,83
PROKKA_MOD_00495,83
PROKKA_MOD_00496,83
PROKKA_MOD_00497,83
PROKKA_MOD_00498,83
PROKKA_MOD_00499,83
PROKKA_MOD_00500,83
PROKKA_MOD_00501,83
PROKKA_MOD_00502,83
PROKKA_MOD_00503,83
PROKKA_MOD_00504,83
PROKKA_MOD_00505,83
PROKKA_MOD_00506,83
PROKKA_MOD_00507,83
PROKKA_MOD_00508,83
PROKKA_MOD_00509,83
PROKKA_MOD_00510,83
PROKKA_MOD_00511,83
PROKKA_MOD_00512,83
PROKKA_MOD_00513,83
PROKKA_MOD_00514,83
PROKKA_MOD_00515,83
PROKKA_MOD_00516,83
PROKKA_MOD_00517,83
PROKKA_MOD_00518,83
PROKKA_MOD_00519,83
PROKKA_MOD_00520,83
PROKKA_MOD_00521,83
PROKKA_MOD_00522,83
PROKKA_MOD_00523,83
PROKKA_MOD_00524,83
PROKKA_MOD_00525,83
PROKKA_MOD_00526,83
PROKKA_MOD_00527,83
PROKKA_MOD_00528,83
PROKKA_MOD_00529,83
PROKKA_MOD_00530,83
PROKKA_MOD_00531,83
PROKKA_MOD_00532,83
PROKKA_MOD_00533,83
PROKKA_MOD_00534,83
PROKKA_MOD_00535,83
PROKKA_MOD_00536,83
PROKKA_MOD_00537,83
PROKKA_MOD_00538,83
PROKKA_MOD_00539,83
PROKKA_MOD_00540,83
PROKKA_MOD_00541,83
PROKKA_MOD_00542,83
PROKKA_MOD_00543,83
PROKKA_MOD_00544,83
PROKKA_MOD_00545,83
PROKKA_MOD_00546,83
PROKKA_MOD_00547,83
PROKKA_MOD_00548,83
PROKKA_MOD_00549,83
PROKKA_MOD_00550,83
PROKKA_MOD_00551,83
PROKKA_MOD_00552,83
PROKKA_MOD_00553,83
PROKKA_MOD_00554,83
PROKKA_MOD_00555,83
PROKKA_MOD_00556,83
PROKKA_MOD_00557,83
PROKKA_MOD_00558,83
PROKKA_MOD_00559,83
PROKKA_MOD_00560,83
PROKKA_MOD_00561,83
PROKKA_MOD_00562,83
PROKKA_MOD_00563,83
PROKKA_MOD_00564,83
PROKKA_MOD_00565,83
PROKKA_MOD_00566,83
PROKKA_MOD_00567,83
PROKKA_MOD_00568,83
PROKKA_MOD_00569,83
PROKKA_MOD_00570,83
PROKKA_MOD_00571,83
PROKKA_MOD_00572,83
PROKKA_MOD_00573,83
PROKKA_MOD_00574,83
PROKKA_MOD_00575,83
PROKKA_MOD_00576,83
PROKKA_MOD_00577,83
PROKKA_MOD_00578,83
PROKKA_MOD_00579,83
PROKKA_MOD_00580,83
PROKKA_MOD_00581,83
PROKKA_MOD_00582,83
PROKKA_MOD_00583,83
PROKKA_MOD_00584,83
PROKKA_MOD_00585,83
PROKKA_MOD_00586,83
PROKKA_MOD_00587,83
PROKKA_MOD_00588,83
PROKKA_MOD_00589,83
PROKKA_MOD_00590,83
PROKKA_MOD_00591,83
PROKKA_MOD_00592,83
PROKKA_MOD_00593,83
PROKKA_MOD_00594,83
PROKKA_MOD_00595,83
PROKKA_MOD_00596,83
PROKKA_MOD_00597,83
PROKKA_MOD_00598,83
PROKKA_MOD_00599,83
PROKKA_MOD_00600,83
PROKKA_MOD_00601,83
PROKKA_MOD_00602,83
PROKKA_MOD_00603,83
PROKKA_MOD_00604,83
PROKKA_MOD_00605,83
PROKKA_MOD_00606,83
PROKKA_MOD_00607,83
PROKKA_MOD_00608,83
PROKKA_MOD_00609,83
PROKKA_MOD_00610,83
PROKKA_MOD_00611,83
PROKKA_MOD_00612,83
PROKKA_MOD_00613,83
PROKKA_MOD_00614,83
PROKKA_MOD_00615,83
PROKKA_MOD_00616,83
PROKKA_MOD_00617,83
PROKKA_MOD_00618,83
PROKKA_MOD_00619,83
PROKKA_MOD_00620,83
PROKKA_MOD_00621,83
PROKKA_MOD_00622,83
PROKKA_MOD_00623,83
PROKKA_MOD_00624,83
PROKKA_MOD_00625,83
PROKKA_MOD_00626,83
PROKKA_MOD_00627,83
PROKKA_MOD_00628,83
PROKKA_MOD_00629,83
PROKKA_MOD_00630,83
PROKKA_MOD_00631,83
PROKKA_MOD_00632,83
PROKKA_MOD_00633,83
PROKKA_MOD_00634,83
PROKKA_MOD_00635,83
PROKKA_MOD_00636,83
PROKKA_MOD_00637,83
PROKKA_MOD_00638,83
PROKKA_MOD_00639,83
PROKKA_MOD_00640,83
PROKKA_MOD_00641,83
PROKKA_MOD_00642,83
PROKKA_MOD_00643,83
PROKKA_MOD_00644,83
PROKKA_MOD_00645,83
PROKKA_MOD_00646,83
PROKKA_MOD_00647,83
PROKKA_MOD_00648,83
PROKKA_MOD_00649,83
PROKKA_MOD_00650,83
PROKKA_MOD_00651,83
PROKKA_MOD_00652,83
PROKKA_MOD_00653,83
PROKKA_MOD_00654,83
PROKKA_MOD_00655,83
PROKKA_MOD_00656,83
PROKKA_MOD_00657,83
PROKKA_MOD_00658,83
PROKKA_MOD_00659,83
PROKKA_MOD_00660,83
PROKKA_MOD_00661,83
PROKKA_MOD_00662,83
PROKKA_MOD_00663,83
PROKKA_MOD_00664,83
PROKKA_MOD_00665,83
PROKKA_MOD_00666,83
PROKKA_MOD_00667,83
PROKKA_MOD_00668,83
PROKKA_MOD_00669,83
PROKKA_MOD_00670,83
PROKKA_MOD_00671,83
PROKKA_MOD_00672,83
PROKKA_MOD_00673,83
PROKKA_MOD_00674,83
PROKKA_MOD_00675,83
PROKKA_MOD_00676,83
PROKKA_MOD_00677,83
PROKKA_MOD_00678,83
PROKKA_MOD_00679,83
PROKKA_MOD_00680,83
PROKKA_MOD_00681,83
PROKKA_MOD_00682,83
PROKKA_MOD_00683,83
PROKKA_MOD_00684,83
PROKKA_MOD_00685,83
PROKKA_MOD_00686,83
PROKKA_MOD_00687,83
PROKKA_MOD_00688,83
PROKKA_MOD_00689,83
PROKKA_MOD_00690,83
PROKKA_MOD_00691,83
PROKKA_MOD_00692,83
PROKKA_MOD_00693,83
PROKKA_MOD_00694,83
PROKKA_MOD_00695,83
PROKKA_MOD_00696,83
PROKKA_MOD_00697,83
PROKKA_MOD_00698,83
PROKKA_MOD_00699,83
PROKKA_MOD_00700,83
PROKKA_MOD_00701,83
PROKKA_MOD_00702,83
PROKKA_MOD_00703,83
PROKKA_MOD_00704,83
PROKKA_MOD_00705,83
PROKKA_MOD_00706,83
PROKKA_MOD_00707,83
PROKKA_MOD_00708,83
PROKKA_MOD_00709,83
PROKKA_MOD_00710,83
PROKKA_MOD_00711,83
PROKKA_MOD_00712,83
PROKKA_MOD_00713,83
PROKKA_MOD_00714,83
PROKKA_MOD_00715,83
PROKKA_MOD_00716,83
PROKKA_MOD_00717,83
PROKKA_MOD_00718,83
PROKKA_MOD_00719,83
PROKKA_MOD_00720,83
PROKKA_MOD_00721,83
PROKKA_MOD_00722,83
PROKKA_MOD_00723,83
PROKKA_MOD_00724,83
PROKKA_MOD_00725,83
PROKKA_MOD_00726,83
PROKKA_MOD_00727,83
PROKKA_MOD_00728,83
PROKKA_MOD_00729,83
PROKKA_MOD_00730,83
PROKKA_MOD_00731,83
PROKKA_MOD_00732,83
PROKKA_MOD_00733,83
PROKKA_MOD_00734,83
PROKKA_MOD_00735,83
PROKKA_MOD_00736,83
PROKKA_MOD_00737,83
PROKKA_MOD_00738,83
PROKKA_MOD_00739,83
PROKKA_MOD_00740,83
PROKKA_MOD_00741,83
PROKKA_MOD_00742,83
PROKKA_MOD_00743,83
PROKKA_MOD_00744,83
PROKKA_MOD_00745,83
PROKKA_MOD_00746,83
PROKKA_MOD_00747,83
PROKKA_MOD_00748,83
PROKKA_MOD_00749,83
PROKKA_MOD_00750,83
PROKKA_MOD_00751,83
PROKKA_MOD_00752,83
PROKKA_MOD_00753,83
PROKKA_MOD_00754,83
PROKKA_MOD_00755,83
PROKKA_MOD_00756,83
PROKKA_MOD_00757,83
PROKKA_MOD_00758,83
PROKKA_MOD_00759,83
PROKKA_MOD_00760,83
PROKKA_MOD_00761,83
PROKKA_MOD_00762,83
PROKKA_MOD_00763,83
PROKKA_MOD_00764,83
PROKKA_MOD_00765,83
PROKKA_MOD_00766,83
PROKKA_MOD_00767,83
PROKKA_MOD_00768,83
PROKKA_MOD_00769,83
PROKKA_MOD_00770,83
PROKKA_MOD_00771,83
PROKKA_MOD_00772,83
PROKKA_MOD_00773,83
PROKKA_MOD_00774,83
PROKKA_MOD_00775,83
PROKKA_MOD_00776,83
PROKKA_MOD_00777,83
PROKKA_MOD_00778,83
PROKKA_MOD_00779,83
PROKKA_MOD_00780,83
PROKKA_MOD_00781,83
PROKKA_MOD_00782,83
PROKKA_MOD_00783,83
PROKKA_MOD_00784,83
PROKKA_MOD_00785,83
PROKKA_MOD_00786,83
PROKKA_MOD_00787,83
PROKKA_MOD_00788,83
PROKKA_MOD_00789,83
PROKKA_MOD_00790,83
PROKKA_MOD_00791,83
PROKKA_MOD_00792,83
PROKKA_MOD_00793,83
PROKKA_MOD_00794,83
PROKKA_MOD_00795,83
PROKKA_MOD_00796,83
PROKKA_MOD_00797,83
PROKKA_MOD_00798,83
PROKKA_MOD_00799,83
PROKKA_MOD_00800,83
PROKKA_MOD_00801,83
PROKKA_MOD_00802,83
PROKKA_MOD_00803,83
PROKKA_MOD_00804,83
PROKKA_MOD_00805,83
PROKKA_MOD_00806,83
PROKKA_MOD_00807,83
PROKKA_MOD_00808,83
PROKKA_MOD_00809,83
PROKKA_MOD_00810,83
PROKKA_MOD_00811,83
PROKKA_MOD_00812,83
PROKKA_MOD_00813,83
PROKKA_MOD_00814,83
PROKKA_MOD_00815,83
PROKKA_MOD_00816,83
PROKKA_MOD_00817,83
PROKKA_MOD_00818,83
PROKKA_MOD_00819,83
PROKKA_MOD_00820,83
PROKKA_MOD_00821,82
PROKKA_MOD_00822,82
PROKKA_MOD_00823,82
PROKKA_MOD_00824,82
PROKKA_MOD_00825,82
PROKKA_MOD_00826,82
PROKKA_MOD_00827,82
PROKKA_MOD_00828,82
PROKKA_MOD_00829,82
PROKKA_MOD_00830,82
PROKKA_MOD_00831,82
PROKKA_MOD_00832,82
PROKKA_MOD_00833,82
PROKKA_MOD_00834,82
PROKKA_MOD_00835,82
PROKKA_MOD_00836,82
PROKKA_MOD_00837,82
PROKKA_MOD_00838,82
PROKKA_MOD_00839,82
PROKKA_MOD_00840,82
PROKKA_MOD_00841,82
PROKKA_MOD_00842,82
PROKKA_MOD_00843,82
PROKKA_MOD_00844,82
PROKKA_MOD_00845,82
PROKKA_MOD_00846,82
PROKKA_MOD_00847,82
PROKKA_MOD_00848,82
PROKKA_MOD_00849,82
PROKKA_MOD_00850,82
PROKKA_MOD_00851,82
PROKKA_MOD_00852,82
PROKKA_MOD_00853,82
PROKKA_MOD_00854,82
PROKKA_MOD_00855,82
PROKKA_MOD_00856,82
PROKKA_MOD_00857,82
PROKKA_MOD_00858,82
PROKKA_MOD_00859,82
PROKKA_MOD_00860,82
PROKKA_MOD_00861,82
PROKKA_MOD_00862,82
PROKKA_MOD_00863,82
PROKKA_MOD_00864,82
PROKKA_MOD_00865,82
PROKKA_MOD_00866,82
PROKKA_MOD_00867,82
PROKKA_MOD_00868,82
PROKKA_MOD_00869,82
PROKKA_MOD_00870,82
PROKKA_MOD_00871,82
PROKKA_MOD_00872,82
PROKKA_MOD_00873,82
PROKKA_MOD_00874,82
PROKKA_MOD_00875,82
PROKKA_MOD_00876,82
PROKKA_MOD_00877,82
PROKKA_MOD_00878,82
PROKKA_MOD_00879,82
PROKKA_MOD_00880,82
PROKKA_MOD_00881,82
PROKKA_MOD_00882,82
PROKKA_MOD_00883,82
PROKKA_MOD_00884,82
PROKKA_MOD_00885,82
PROKKA_MOD_00886,82
PROKKA_MOD_00887,82
PROKKA_MOD_00888,82
PROKKA_MOD_00889,82
PROKKA_MOD_00890,82
PROKKA_MOD_00891,82
PROKKA_MOD_00892,82
PROKKA_MOD_00893,82
PROKKA_MOD_00894,82
PROKKA_MOD_00895,82
PROKKA_MOD_00896,82
PROKKA_MOD_00897,82
PROKKA_MOD_00898,82
PROKKA_MOD_00899,82
PROKKA_MOD_00900,82
PROKKA_MOD_00901,82
PROKKA_MOD_00902,82
PROKKA_MOD_00903,82
PROKKA_MOD_00904,82
PROKKA_MOD_00905,82
PROKKA_MOD_00906,82
PROKKA_MOD_00907,82
PROKKA_MOD_00908,82
PROKKA_MOD_00909,82
PROKKA_MOD_00910,82
PROKKA_MOD_00911,82
PROKKA_MOD_00912,82
PROKKA_MOD_00913,82
PROKKA_MOD_00914,82
PROKKA_MOD_00915,82
PROKKA_MOD_00916,82
PROKKA_MOD_00917,82
PROKKA_MOD_00918,82
PROKKA_MOD_00919,82
PROKKA_MOD_00920,82
PROKKA_MOD_00921,82
PROKKA_MOD_00922,82
PROKKA_MOD_00923,82
PROKKA_MOD_00924,82
PROKKA_MOD_00925,82
PROKKA_MOD_00926,82
PROKKA_MOD_00927,82
PROKKA_MOD_00928,82
PROKKA_MOD_00929,82
PROKKA_MOD_00930,82
PROKKA_MOD_00931,82
PROKKA_MOD_00932,82
PROKKA_MOD_00933,82
PROKKA_MOD_00934,82
PROKKA_MOD_00935,82
PROKKA_MOD_00936,82
PROKKA_MOD_00937,82
PROKKA_MOD_00938,82
PROKKA_MOD_00939,82
PROKKA_MOD_00940,82
PROKKA_MOD_00941,82
PROKKA_MOD_00942,82
PROKKA_MOD_00943,82
PROKKA_MOD_00944,82
PROKKA_MOD_00945,82
PROKKA_MOD_00946,82
PROKKA_MOD_00947,82
PROKKA_MOD_00948,82
PROKKA_MOD_00949,82
PROKKA_MOD_00950,82
PROKKA_MOD_00951,82
PROKKA_MOD_00952,82
PROKKA_MOD_00953,82
PROKKA_MOD_00954,82
PROKKA_MOD_00955,82
PROKKA_MOD_00956,82
PROKKA_MOD_00957,82
PROKKA_MOD_00958,82
PROKKA_MOD_00959,82
PROKKA_MOD_00960,82
PROKKA_MOD_00961,82
PROKKA_MOD_00962,82
PROKKA_MOD_00963,82
PROKKA_MOD_00964,82
PROKKA_MOD_00965,82
PROKKA_MOD_00966,82
PROKKA_MOD_00967,82
PROKKA_MOD_00968,82
PROKKA_MOD_00969,82
PROKKA_MOD_00970,82
PROKKA_MOD_00971,82
PROKKA_MOD_00972,82
PROKKA_MOD_00973,82
PROKKA_MOD_00974,82
PROKKA_MOD_00975,82
PROKKA_MOD_00976,82
PROKKA_MOD_00977,82
PROKKA_MOD_00978,82
PROKKA_MOD_00979,82
PROKKA_MOD_00980,82
PROKKA_MOD_00981,82
PROKKA_MOD_00982,82
PROKKA_MOD_00983,82
PROKKA_MOD_00984,82
PROKKA_MOD_00985,82
PROKKA_MOD_00986,82
PROKKA_MOD_00987,82
PROKKA_MOD_00988,82
PROKKA_MOD_00989,82
PROKKA_MOD_00990,82
PROKKA_MOD_00991,82
PROKKA_MOD_00992,82
PROKKA_MOD_00993,82
PROKKA_MOD_00994,82
PROKKA_MOD_00995,82
PROKKA_MOD_00996,82
PROKKA_MOD_00997,82
PROKKA_MOD_00998,82
PROKKA_MOD_00999,82
PROKKA_MOD_01000,82
PROKKA_MOD_01001,82
PROKKA_MOD_01002,82
PROKKA_MOD_01003,82
PROKKA_MOD_01004,82
PROKKA_MOD_01005,82
PROKKA_MOD_01006,82
PROKKA_MOD_01007,82
PROKKA_MOD_01008,82
PROKKA_MOD_01009,82
PROKKA_MOD_01010,82
PROKKA_MOD_01011,82
PROKKA_MOD_01012,82
PROKKA_MOD_01013,82
PROKKA_MOD_01014,82
PROKKA_MOD_01015,82
PROKKA_MOD_01016,82
PROKKA_MOD_01017,82
PROKKA_MOD_01018,82
PROKKA_MOD_01019,81
PROKKA_MOD_01020,81
PROKKA_MOD_01021,81
PROKKA_MOD_01022,81
PROKKA_MOD_01023,81
PROKKA_MOD_01024,81
PROKKA_MOD_01025,81
PROKKA_MOD_01026,81
PROKKA_MOD_01027,81
PROKKA_MOD_01028,81
PROKKA_MOD_01029,81
PROKKA_MOD_01030,81
PROKKA_MOD_01031,81
PROKKA_MOD_01032,81
PROKKA_MOD_01033,81
PROKKA_MOD_01034,81
PROKKA_MOD_01035,81
PROKKA_MOD_01036,81
PROKKA_MOD_01037,81
PROKKA_MOD_01038,81
PROKKA_MOD_01039,81
PROKKA_MOD_01040,81
PROKKA_MOD_01041,81
PROKKA_MOD_01042,81
PROKKA_MOD_01043,81
PROKKA_MOD_01044,81
PROKKA_MOD_01045,81
PROKKA_MOD_01046,81
PROKKA_MOD_01047,81
PROKKA_MOD_01048,81
PROKKA_MOD_01049,81
PROKKA_MOD_01050,81
PROKKA_MOD_01051,81
PROKKA_MOD_01052,81
PROKKA_MOD_01053,81
PROKKA_MOD_01054,81
PROKKA_MOD_01055,81
PROKKA_MOD_01056,81
PROKKA_MOD_01057,81
PROKKA_MOD_01058,81
PROKKA_MOD_01059,81
PROKKA_MOD_01060,81
PROKKA_MOD_01061,81
PROKKA_MOD_01062,81
PROKKA_MOD_01063,81
PROKKA_MOD_01064,81
PROKKA_MOD_01065,81
PROKKA_MOD_01066,81
PROKKA_MOD_01067,81
PROKKA_MOD_01068,81
PROKKA_MOD_01069,81
PROKKA_MOD_01070,81
PROKKA_MOD_01071,81
PROKKA_MOD_01072,81
PROKKA_MOD_01073,81
PROKKA_MOD_01074,81
PROKKA_MOD_01075,81
PROKKA_MOD_01076,81
PROKKA_MOD_01077,81
PROKKA_MOD_01078,81
PROKKA_MOD_01079,81
PROKKA_MOD_01080,81
PROKKA_MOD_01081,81
PROKKA_MOD_01082,81
PROKKA_MOD_01083,81
PROKKA_MOD_01084,81
PROKKA_MOD_01085,81
PROKKA_MOD_01086,81
PROKKA_MOD_01087,81
PROKKA_MOD_01088,81
PROKKA_MOD_01089,81
PROKKA_MOD_01090,81
PROKKA_MOD_01091,81
PROKKA_MOD_01092,81
PROKKA_MOD_01093,81
PROKKA_MOD_01094,81
PROKKA_MOD_01095,81
PROKKA_MOD_01096,80
PROKKA_MOD_01097,80
PROKKA_MOD_01098,80
PROKKA_MOD_01099,80
PROKKA_MOD_01100,80
PROKKA_MOD_01101,80
PROKKA_MOD_01102,80
PROKKA_MOD_01103,80
PROKKA_MOD_01104,80
PROKKA_MOD_01105,80
PROKKA_MOD_01106,80
PROKKA_MOD_01107,80
PROKKA_MOD_01108,80
PROKKA_MOD_01109,80
PROKKA_MOD_01110,80
PROKKA_MOD_01111,80
PROKKA_MOD_01112,80
PROKKA_MOD_01113,79
PROKKA_MOD_01114,79
PROKKA_MOD_01115,79
PROKKA_MOD_01116,79
PROKKA_MOD_01117,79
PROKKA_MOD_01118,79
PROKKA_MOD_01119,79
PROKKA_MOD_01120,79
PROKKA_MOD_01121,79
PROKKA_MOD_01122,79
PROKKA_MOD_01123,79
PROKKA_MOD_01124,79
PROKKA_MOD_01125,79
PROKKA_MOD_01126,79
PROKKA_MOD_01127,79
PROKKA_MOD_01128,79
PROKKA_MOD_01129,79
PROKKA_MOD_01130,79
PROKKA_MOD_01131,79
PROKKA_MOD_01132,79
PROKKA_MOD_01133,79
PROKKA_MOD_01134,79
PROKKA_MOD_01135,79
PROKKA_MOD_01136,79
PROKKA_MOD_01137,79
PROKKA_MOD_01138,79
PROKKA_MOD_01139,79
PROKKA_MOD_01140,79
PROKKA_MOD_01141,79
PROKKA_MOD_01142,79
PROKKA_MOD_01143,79
PROKKA_MOD_01144,79
PROKKA_MOD_01145,79
PROKKA_MOD_01146,79
PROKKA_MOD_01147,79
PROKKA_MOD_01148,79
PROKKA_MOD_01149,79
PROKKA_MOD_01150,79
PROKKA_MOD_01151,79
PROKKA_MOD_01152,79
PROKKA_MOD_01153,79
PROKKA_MOD_01154,79
PROKKA_MOD_01155,79
PROKKA_MOD_01156,78
PROKKA_MOD_01157,77
PROKKA_MOD_01158,77
PROKKA_MOD_01159,77
PROKKA_MOD_01160,77
PROKKA_MOD_01161,77
PROKKA_MOD_01162,77
PROKKA_MOD_01163,77
PROKKA_MOD_01164,77
PROKKA_MOD_01165,77
PROKKA_MOD_01166,77
PROKKA_MOD_01167,77
PROKKA_MOD_01168,77
PROKKA_MOD_01169,77
PROKKA_MOD_01170,77
PROKKA_MOD_01171,77
PROKKA_MOD_01172,77
PROKKA_MOD_01173,77
PROKKA_MOD_01174,77
PROKKA_MOD_01175,77
PROKKA_MOD_01176,77
PROKKA_MOD_01177,77
PROKKA_MOD_01178,77
PROKKA_MOD_01179,77
PROKKA_MOD_01180,77
PROKKA_MOD_01181,77
PROKKA_MOD_01182,77
PROKKA_MOD_01183,77
PROKKA_MOD_01184,77
PROKKA_MOD_01185,77
PROKKA_MOD_01186,77
PROKKA_MOD_01187,77
PROKKA_MOD_01188,77
PROKKA_MOD_01189,77
PROKKA_MOD_01190,77
PROKKA_MOD_01191,77
PROKKA_MOD_01192,77
PROKKA_MOD_01193,77
PROKKA_MOD_01194,77
PROKKA_MOD_01195,77
PROKKA_MOD_01196,77
PROKKA_MOD_01197,77
PROKKA_MOD_01198,77
PROKKA_MOD_01199,77
PROKKA_MOD_01200,77
PROKKA_MOD_01201,77
PROKKA_MOD_01202,77
PROKKA_MOD_01203,77
PROKKA_MOD_01204,77
PROKKA_MOD_01205,77
PROKKA_MOD_01206,77
PROKKA_MOD_01207,77
PROKKA_MOD_01208,77
PROKKA_MOD_01209,77
PROKKA_MOD_01210,77
PROKKA_MOD_01211,77
PROKKA_MOD_01212,77
PROKKA_MOD_01213,77
PROKKA_MOD_01214,76
PROKKA_MOD_01215,76
PROKKA_MOD_01216,76
PROKKA_MOD_01217,76
PROKKA_MOD_01218,76
PROKKA_MOD_01219,76
PROKKA_MOD_01220,76
PROKKA_MOD_01221,76
PROKKA_MOD_01222,76
PROKKA_MOD_01223,76
PROKKA_MOD_01224,76
PROKKA_MOD_01225,76
PROKKA_MOD_01226,76
PROKKA_MOD_01227,76
PROKKA_MOD_01228,76
PROKKA_MOD_01229,76
PROKKA_MOD_01230,76
PROKKA_MOD_01231,76
PROKKA_MOD_01232,76
PROKKA_MOD_01233,76
PROKKA_MOD_01234,76
PROKKA_MOD_01235,76
PROKKA_MOD_01236,76
PROKKA_MOD_01237,76
PROKKA_MOD_01238,76
PROKKA_MOD_01239,76
PROKKA_MOD_01240,76
PROKKA_MOD_01241,76
PROKKA_MOD_01242,76
PROKKA_MOD_01243,76
PROKKA_MOD_01244,76
PROKKA_MOD_01245,76
PROKKA_MOD_01246,76
PROKKA_MOD_01247,76
PROKKA_MOD_01248,76
PROKKA_MOD_01249,76
PROKKA_MOD_01250,76
PROKKA_MOD_01251,76
PROKKA_MOD_01252,75
PROKKA_MOD_01253,75
PROKKA_MOD_01254,75
PROKKA_MOD_01255,75
PROKKA_MOD_01256,75
PROKKA_MOD_01257,75
PROKKA_MOD_01258,75
PROKKA_MOD_01259,75
PROKKA_MOD_01260,75
PROKKA_MOD_01261,75
PROKKA_MOD_01262,75
PROKKA_MOD_01263,75
PROKKA_MOD_01264,75
PROKKA_MOD_01265,75
PROKKA_MOD_01266,75
PROKKA_MOD_01267,75
PROKKA_MOD_01268,75
PROKKA_MOD_01269,75
PROKKA_MOD_01270,75
PROKKA_MOD_01271,75
PROKKA_MOD_01272,75
PROKKA_MOD_01273,75
PROKKA_MOD_01274,75
PROKKA_MOD_01275,75
PROKKA_MOD_01276,75
PROKKA_MOD_01277,75
PROKKA_MOD_01278,75
PROKKA_MOD_01279,75
PROKKA_MOD_01280,75
PROKKA_MOD_01281,75
PROKKA_MOD_01282,75
PROKKA_MOD_01283,75
PROKKA_MOD_01284,75
PROKKA_MOD_01285,75
PROKKA_MOD_01286,75
PROKKA_MOD_01287,75
PROKKA_MOD_01288,75
PROKKA_MOD_01289,75
PROKKA_MOD_01290,75
PROKKA_MOD_01291,75
PROKKA_MOD_01292,75
PROKKA_MOD_01293,75
PROKKA_MOD_01294,75
PROKKA_MOD_01295,75
PROKKA_MOD_01296,75
PROKKA_MOD_01297,75
PROKKA_MOD_01298,75
PROKKA_MOD_01299,75
PROKKA_MOD_01300,75
PROKKA_MOD_01301,75
PROKKA_MOD_01302,75
PROKKA_MOD_01303,75
PROKKA_MOD_01304,74
PROKKA_MOD_01305,73
PROKKA_MOD_01306,73
PROKKA_MOD_01307,73
PROKKA_MOD_01308,73
PROKKA_MOD_01309,73
PROKKA_MOD_01310,72
PROKKA_MOD_01311,72
PROKKA_MOD_01312,72
PROKKA_MOD_01313,72
PROKKA_MOD_01314,72
PROKKA_MOD_01315,71
PROKKA_MOD_01316,71
PROKKA_MOD_01317,71
PROKKA_MOD_01318,71
PROKKA_MOD_01319,71
PROKKA_MOD_01320,71
PROKKA_MOD_01321,71
PROKKA_MOD_01322,71
PROKKA_MOD_01323,71
PROKKA_MOD_01324,71
PROKKA_MOD_01325,71
PROKKA_MOD_01326,71
PROKKA_MOD_01327,71
PROKKA_MOD_01328,71
PROKKA_MOD_01329,71
PROKKA_MOD_01330,71
PROKKA_MOD_01331,71
PROKKA_MOD_01332,71
PROKKA_MOD_01333,70
PROKKA_MOD_01334,70
PROKKA_MOD_01335,70
PROKKA_MOD_01336,70
PROKKA_MOD_01337,70
PROKKA_MOD_01338,70
PROKKA_MOD_01339,70
PROKKA_MOD_01340,70
PROKKA_MOD_01341,70
PROKKA_MOD_01342,69
PROKKA_MOD_01343,69
PROKKA_MOD_01344,69
PROKKA_MOD_01345,69
PROKKA_MOD_01346,69
PROKKA_MOD_01347,69
PROKKA_MOD_01348,69
PROKKA_MOD_01349,69
PROKKA_MOD_01350,69
PROKKA_MOD_01351,69
PROKKA_MOD_01352,69
PROKKA_MOD_01353,69
PROKKA_MOD_01354,69
PROKKA_MOD_01355,69
PROKKA_MOD_01356,69
PROKKA_MOD_01357,69
PROKKA_MOD_01358,69
PROKKA_MOD_01359,69
PROKKA_MOD_01360,69
PROKKA_MOD_01361,69
PROKKA_MOD_01362,69
PROKKA_MOD_01363,69
PROKKA_MOD_01364,69
PROKKA_MOD_01365,69
PROKKA_MOD_01366,69
PROKKA_MOD_01367,69
PROKKA_MOD_01368,69
PROKKA_MOD_01369,68
PROKKA_MOD_01370,68
PROKKA_MOD_01371,68
PROKKA_MOD_01372,68
PROKKA_MOD_01373,68
PROKKA_MOD_01374,68
PROKKA_MOD_01375,68
PROKKA_MOD_01376,67
PROKKA_MOD_01377,67
PROKKA_MOD_01378,67
PROKKA_MOD_01379,67
PROKKA_MOD_01380,67
PROKKA_MOD_01381,67
PROKKA_MOD_01382,67
PROKKA_MOD_01383,67
PROKKA_MOD_01384,67
PROKKA_MOD_01385,67
PROKKA_MOD_01386,67
PROKKA_MOD_01387,67
PROKKA_MOD_01388,66
PROKKA_MOD_01389,66
PROKKA_MOD_01390,66
PROKKA_MOD_01391,66
PROKKA_MOD_01392,66
PROKKA_MOD_01393,66
PROKKA_MOD_01394,66
PROKKA_MOD_01395,66
PROKKA_MOD_01396,65
PROKKA_MOD_01397,65
PROKKA_MOD_01398,65
PROKKA_MOD_01399,65
PROKKA_MOD_01400,65
PROKKA_MOD_01401,65
PROKKA_MOD_01402,65
PROKKA_MOD_01403,65
PROKKA_MOD_01404,64
PROKKA_MOD_01405,64
PROKKA_MOD_01406,63
PROKKA_MOD_01407,63
PROKKA_MOD_01408,63
PROKKA_MOD_01409,63
PROKKA_MOD_01410,63
PROKKA_MOD_01411,63
PROKKA_MOD_01412,63
PROKKA_MOD_01413,63
PROKKA_MOD_01414,63
PROKKA_MOD_01415,63
PROKKA_MOD_01416,63
PROKKA_MOD_01417,63
PROKKA_MOD_01418,62
PROKKA_MOD_01419,62
PROKKA_MOD_01420,61
PROKKA_MOD_01421,61
PROKKA_MOD_01422,61
PROKKA_MOD_01423,61
PROKKA_MOD_01424,61
PROKKA_MOD_01425,61
PROKKA_MOD_01426,61
PROKKA_MOD_01427,61
PROKKA_MOD_01428,59
PROKKA_MOD_01429,59
PROKKA_MOD_01430,59
PROKKA_MOD_01431,59
PROKKA_MOD_01432,59
PROKKA_MOD_01433,59
PROKKA_MOD_01434,59
PROKKA_MOD_01435,59
PROKKA_MOD_01436,59
PROKKA_MOD_01437,59
PROKKA_MOD_01438,59
PROKKA_MOD_01439,59
PROKKA_MOD_01440,59
PROKKA_MOD_01441,59
PROKKA_MOD_01442,59
PROKKA_MOD_01443,59
PROKKA_MOD_01444,59
PROKKA_MOD_01445,59
PROKKA_MOD_01446,59
PROKKA_MOD_01447,59
PROKKA_MOD_01448,59
PROKKA_MOD_01449,59
PROKKA_MOD_01450,59
PROKKA_MOD_01451,58
PROKKA_MOD_01452,58
PROKKA_MOD_01453,58
PROKKA_MOD_01454,58
PROKKA_MOD_01455,58
PROKKA_MOD_01456,58
PROKKA_MOD_01457,57
PROKKA_MOD_01458,57
PROKKA_MOD_01459,57
PROKKA_MOD_01460,57
PROKKA_MOD_01461,57
PROKKA_MOD_01462,57
PROKKA_MOD_01463,57
PROKKA_MOD_01464,57
PROKKA_MOD_01465,57
PROKKA_MOD_01466,57
PROKKA_MOD_01467,57
PROKKA_MOD_01468,57
PROKKA_MOD_01469,57
PROKKA_MOD_01470,57
PROKKA_MOD_01471,57
PROKKA_MOD_01472,57
PROKKA_MOD_01473,57
PROKKA_MOD_01474,57
PROKKA_MOD_01475,57
PROKKA_MOD_01476,57
PROKKA_MOD_01477,57
PROKKA_MOD_01478,57
PROKKA_MOD_01479,57
PROKKA_MOD_01480,57
PROKKA_MOD_01481,57
PROKKA_MOD_01482,57
PROKKA_MOD_01483,57
PROKKA_MOD_01484,57
PROKKA_MOD_01485,57
PROKKA_MOD_01486,57
PROKKA_MOD_01487,57
PROKKA_MOD_01488,57
PROKKA_MOD_01489,57
PROKKA_MOD_01490,57
PROKKA_MOD_01491,57
PROKKA_MOD_01492,56
PROKKA_MOD_01493,56
PROKKA_MOD_01494,56
PROKKA_MOD_01495,56
PROKKA_MOD_01496,56
PROKKA_MOD_01497,56
PROKKA_MOD_01498,56
PROKKA_MOD_01499,56
PROKKA_MOD_01500,56
PROKKA_MOD_01501,56
PROKKA_MOD_01502,56
PROKKA_MOD_01503,56
PROKKA_MOD_01504,56
PROKKA_MOD_01505,56
PROKKA_MOD_01506,56
PROKKA_MOD_01507,56
PROKKA_MOD_01508,56
PROKKA_MOD_01509,56
PROKKA_MOD_01510,56
PROKKA_MOD_01511,56
PROKKA_MOD_01512,55
PROKKA_MOD_01513,55
PROKKA_MOD_01514,54
PROKKA_MOD_01515,54
PROKKA_MOD_01516,54
PROKKA_MOD_01517,54
PROKKA_MOD_01518,54
PROKKA_MOD_01519,54
PROKKA_MOD_01520,54
PROKKA_MOD_01521,54
PROKKA_MOD_01522,54
PROKKA_MOD_01523,54
PROKKA_MOD_01524,54
PROKKA_MOD_01525,54
PROKKA_MOD_01526,53
PROKKA_MOD_01527,53
PROKKA_MOD_01528,52
PROKKA_MOD_01529,52
PROKKA_MOD_01530,52
PROKKA_MOD_01531,52
PROKKA_MOD_01532,52
PROKKA_MOD_01533,52
PROKKA_MOD_01534,52
PROKKA_MOD_01535,52
PROKKA_MOD_01536,52
PROKKA_MOD_01537,52
PROKKA_MOD_01538,52
PROKKA_MOD_01539,52
PROKKA_MOD_01540,52
PROKKA_MOD_01541,52
PROKKA_MOD_01542,52
PROKKA_MOD_01543,51
PROKKA_MOD_01544,51
PROKKA_MOD_01545,51
PROKKA_MOD_01546,51
PROKKA_MOD_01547,51
PROKKA_MOD_01548,51
PROKKA_MOD_01549,51
PROKKA_MOD_01550,51
PROKKA_MOD_01551,51
PROKKA_MOD_01552,51
PROKKA_MOD_01553,51
PROKKA_MOD_01554,51
PROKKA_MOD_01555,51
PROKKA_MOD_01556,51
PROKKA_MOD_01557,51
PROKKA_MOD_01558,51
PROKKA_MOD_01559,51
PROKKA_MOD_01560,51
PROKKA_MOD_01561,51
PROKKA_MOD_01562,50
PROKKA_MOD_01563,50
PROKKA_MOD_01564,50
PROKKA_MOD_01565,50
PROKKA_MOD_01566,50
PROKKA_MOD_01567,50
PROKKA_MOD_01568,49
PROKKA_MOD_01569,48
PROKKA_MOD_01570,48
PROKKA_MOD_01571,48
PROKKA_MOD_01572,48
PROKKA_MOD_01573,48
PROKKA_MOD_01574,48
PROKKA_MOD_01575,48
PROKKA_MOD_01576,48
PROKKA_MOD_01577,48
PROKKA_MOD_01578,48
PROKKA_MOD_01579,48
PROKKA_MOD_01580,48
PROKKA_MOD_01581,48
PROKKA_MOD_01582,48
PROKKA_MOD_01583,48
PROKKA_MOD_01584,47
PROKKA_MOD_01585,47
PROKKA_MOD_01586,47
PROKKA_MOD_01587,47
PROKKA_MOD_01588,47
PROKKA_MOD_01589,47
PROKKA_MOD_01590,47
PROKKA_MOD_01591,47
PROKKA_MOD_01592,47
PROKKA_MOD_01593,47
PROKKA_MOD_01594,47
PROKKA_MOD_01595,47
PROKKA_MOD_01596,47
PROKKA_MOD_01597,47
PROKKA_MOD_01598,47
PROKKA_MOD_01599,47
PROKKA_MOD_01600,47
PROKKA_MOD_01601,46
PROKKA_MOD_01602,46
PROKKA_MOD_01603,46
PROKKA_MOD_01604,46
PROKKA_MOD_01605,46
PROKKA_MOD_01606,45
PROKKA_MOD_01607,45
PROKKA_MOD_01608,45
PROKKA_MOD_01609,45
PROKKA_MOD_01610,45
PROKKA_MOD_01611,45
PROKKA_MOD_01612,45
PROKKA_MOD_01613,45
PROKKA_MOD_01614,45
PROKKA_MOD_01615,44
PROKKA_MOD_01616,44
PROKKA_MOD_01617,44
PROKKA_MOD_01618,44
PROKKA_MOD_01619,44
PROKKA_MOD_01620,44
PROKKA_MOD_01621,44
PROKKA_MOD_01622,44
PROKKA_MOD_01623,44
PROKKA_MOD_01624,44
PROKKA_MOD_01625,44
PROKKA_MOD_01626,44
PROKKA_MOD_01627,44
PROKKA_MOD_01628,44
PROKKA_MOD_01629,44
PROKKA_MOD_01630,44
PROKKA_MOD_01631,43
PROKKA_MOD_01632,43
PROKKA_MOD_01633,43
PROKKA_MOD_01634,43
PROKKA_MOD_01635,43
PROKKA_MOD_01636,43
PROKKA_MOD_01637,42
PROKKA_MOD_01638,42
PROKKA_MOD_01639,42
PROKKA_MOD_01640,42
PROKKA_MOD_01641,42
PROKKA_MOD_01642,42
PROKKA_MOD_01643,42
PROKKA_MOD_01644,42
PROKKA_MOD_01645,41
PROKKA_MOD_01646,41
PROKKA_MOD_01647,41
PROKKA_MOD_01648,41
PROKKA_MOD_01649,41
PROKKA_MOD_01650,41
PROKKA_MOD_01651,40
PROKKA_MOD_01652,39
PROKKA_MOD_01653,39
PROKKA_MOD_01654,39
PROKKA_MOD_01655,39
PROKKA_MOD_01656,39
PROKKA_MOD_01657,39
PROKKA_MOD_01658,39
PROKKA_MOD_01659,39
PROKKA_MOD_01660,38
PROKKA_MOD_01661,38
PROKKA_MOD_01662,38
PROKKA_MOD_01663,38
PROKKA_MOD_01664,38
PROKKA_MOD_01665,38
PROKKA_MOD_01666,38
PROKKA_MOD_01667,38
PROKKA_MOD_01668,38
PROKKA_MOD_01669,38
PROKKA_MOD_01670,38
PROKKA_MOD_01671,38
PROKKA_MOD_01672,38
PROKKA_MOD_01673,38
PROKKA_MOD_01674,38
PROKKA_MOD_01675,38
PROKKA_MOD_01676,38
PROKKA_MOD_01677,38
PROKKA_MOD_01678,38
PROKKA_MOD_01679,38
PROKKA_MOD_01680,38
PROKKA_MOD_01681,38
PROKKA_MOD_01682,38
PROKKA_MOD_01683,38
PROKKA_MOD_01684,38
PROKKA_MOD_01685,38
PROKKA_MOD_01686,38
PROKKA_MOD_01687,38
PROKKA_MOD_01688,38
PROKKA_MOD_01689,38
PROKKA_MOD_01690,38
PROKKA_MOD_01691,37
PROKKA_MOD_01692,37
PROKKA_MOD_01693,36
PROKKA_MOD_01694,36
PROKKA_MOD_01695,36
PROKKA_MOD_01696,36
PROKKA_MOD_01697,36
PROKKA_MOD_01698,36
PROKKA_MOD_01699,35
PROKKA_MOD_01700,35
PROKKA_MOD_01701,35
PROKKA_MOD_01702,33
PROKKA_MOD_01703,33
PROKKA_MOD_01704,33
PROKKA_MOD_01705,33
PROKKA_MOD_01706,33
PROKKA_MOD_01707,33
PROKKA_MOD_01708,33
PROKKA_MOD_01709,33
PROKKA_MOD_01710,33
PROKKA_MOD_01711,33
PROKKA_MOD_01712,33
PROKKA_MOD_01713,33
PROKKA_MOD_01714,33
PROKKA_MOD_01715,33
PROKKA_MOD_01716,33
PROKKA_MOD_01717,33
PROKKA_MOD_01718,33
PROKKA_MOD_01719,33
PROKKA_MOD_01720,33
PROKKA_MOD_01721,33
PROKKA_MOD_01722,33
PROKKA_MOD_01723,33
PROKKA_MOD_01724,33
PROKKA_MOD_01725,32
PROKKA_MOD_01726,32
PROKKA_MOD_01727,32
PROKKA_MOD_01728,32
PROKKA_MOD_01729,32
PROKKA_MOD_01730,32
PROKKA_MOD_01731,32
PROKKA_MOD_01732,32
PROKKA_MOD_01733,32
PROKKA_MOD_01734,32
PROKKA_MOD_01735,32
PROKKA_MOD_01736,32
PROKKA_MOD_01737,32
PROKKA_MOD_01738,32
PROKKA_MOD_01739,32
PROKKA_MOD_01740,32
PROKKA_MOD_01741,32
PROKKA_MOD_01742,32
PROKKA_MOD_01743,32
PROKKA_MOD_01744,32
PROKKA_MOD_01745,32
PROKKA_MOD_01746,32
PROKKA_MOD_01747,32
PROKKA_MOD_01748,32
PROKKA_MOD_01749,32
PROKKA_MOD_01750,32
PROKKA_MOD_01751,32
PROKKA_MOD_01752,32
PROKKA_MOD_01753,32
PROKKA_MOD_01754,32
PROKKA_MOD_01755,32
PROKKA_MOD_01756,32
PROKKA_MOD_01757,32
PROKKA_MOD_01758,32
PROKKA_MOD_01759,32
PROKKA_MOD_01760,32
PROKKA_MOD_01761,32
PROKKA_MOD_01762,32
PROKKA_MOD_01763,32
PROKKA_MOD_01764,32
PROKKA_MOD_01765,32
PROKKA_MOD_01766,32
PROKKA_MOD_01767,32
PROKKA_MOD_01768,32
PROKKA_MOD_01769,32
PROKKA_MOD_01770,31
PROKKA_MOD_01771,30
PROKKA_MOD_01772,30
PROKKA_MOD_01773,30
PROKKA_MOD_01774,30
PROKKA_MOD_01775,30
PROKKA_MOD_01776,30
PROKKA_MOD_01777,30
PROKKA_MOD_01778,30
PROKKA_MOD_01779,30
PROKKA_MOD_01780,30
PROKKA_MOD_01781,30
PROKKA_MOD_01782,29
PROKKA_MOD_01783,29
PROKKA_MOD_01784,29
PROKKA_MOD_01785,29
PROKKA_MOD_01786,29
PROKKA_MOD_01787,29
PROKKA_MOD_01788,29
PROKKA_MOD_01789,29
PROKKA_MOD_01790,29
PROKKA_MOD_01791,29
PROKKA_MOD_01792,28
PROKKA_MOD_01793,28
PROKKA_MOD_01794,28
PROKKA_MOD_01795,28
PROKKA_MOD_01796,28
PROKKA_MOD_01797,28
PROKKA_MOD_01798,28
PROKKA_MOD_01799,28
PROKKA_MOD_01800,28
PROKKA_MOD_01801,28
PROKKA_MOD_01802,28
PROKKA_MOD_01803,27
PROKKA_MOD_01804,27
PROKKA_MOD_01805,26
PROKKA_MOD_01806,26
PROKKA_MOD_01807,26
PROKKA_MOD_01808,26
PROKKA_MOD_01809,26
PROKKA_MOD_01810,26
PROKKA_MOD_01811,26
PROKKA_MOD_01812,26
PROKKA_MOD_01813,25
PROKKA_MOD_01814,25
PROKKA_MOD_01815,25
PROKKA_MOD_01816,24
PROKKA_MOD_01817,24
PROKKA_MOD_01818,24
PROKKA_MOD_01819,24
PROKKA_MOD_01820,24
PROKKA_MOD_01821,24
PROKKA_MOD_01822,24
PROKKA_MOD_01823,24
PROKKA_MOD_01824,24
PROKKA_MOD_01825,24
PROKKA_MOD_01826,24
PROKKA_MOD_01827,24
PROKKA_MOD_01828,24
PROKKA_MOD_01829,24
PROKKA_MOD_01830,24
PROKKA_MOD_01831,24
PROKKA_MOD_01832,24
PROKKA_MOD_01833,24
PROKKA_MOD_01834,24
PROKKA_MOD_01835,24
PROKKA_MOD_01836,24
PROKKA_MOD_01837,24
PROKKA_MOD_01838,24
PROKKA_MOD_01839,24
PROKKA_MOD_01840,24
PROKKA_MOD_01841,24
PROKKA_MOD_01842,24
PROKKA_MOD_01843,24
PROKKA_MOD_01844,24
PROKKA_MOD_01845,24
PROKKA_MOD_01846,24
PROKKA_MOD_01847,24
PROKKA_MOD_01848,24
PROKKA_MOD_01849,24
PROKKA_MOD_01850,24
PROKKA_MOD_01851,24
PROKKA_MOD_01852,24
PROKKA_MOD_01853,24
PROKKA_MOD_01854,24
PROKKA_MOD_01855,24
PROKKA_MOD_01856,24
PROKKA_MOD_01857,24
PROKKA_MOD_01858,24
PROKKA_MOD_01859,24
PROKKA_MOD_01860,24
PROKKA_MOD_01861,24
PROKKA_MOD_01862,24
PROKKA_MOD_01863,24
PROKKA_MOD_01864,24
PROKKA_MOD_01865,24
PROKKA_MOD_01866,24
PROKKA_MOD_01867,24
PROKKA_MOD_01868,24
PROKKA_MOD_01869,24
PROKKA_MOD_01870,24
PROKKA_MOD_01871,24
PROKKA_MOD_01872,24
PROKKA_MOD_01873,24
PROKKA_MOD_01874,24
PROKKA_MOD_01875,24
PROKKA_MOD_01876,24
PROKKA_MOD_01877,24
PROKKA_MOD_01878,24
PROKKA_MOD_01879,24
PROKKA_MOD_01880,24
PROKKA_MOD_01881,24
PROKKA_MOD_01882,24
PROKKA_MOD_01883,24
PROKKA_MOD_01884,24
PROKKA_MOD_01885,24
PROKKA_MOD_01886,24
PROKKA_MOD_01887,24
PROKKA_MOD_01888,24
PROKKA_MOD_01889,24
PROKKA_MOD_01890,24
PROKKA_MOD_01891,24
PROKKA_MOD_01892,24
PROKKA_MOD_01893,24
PROKKA_MOD_01894,24
PROKKA_MOD_01895,24
PROKKA_MOD_01896,24
PROKKA_MOD_01897,24
PROKKA_MOD_01898,24
PROKKA_MOD_01899,24
PROKKA_MOD_01900,24
PROKKA_MOD_01901,24
PROKKA_MOD_01902,24
PROKKA_MOD_01903,24
PROKKA_MOD_01904,24
PROKKA_MOD_01905,24
PROKKA_MOD_01906,24
PROKKA_MOD_01907,23
PROKKA_MOD_01908,23
PROKKA_MOD_01909,23
PROKKA_MOD_01910,23
PROKKA_MOD_01911,23
PROKKA_MOD_01912,23
PROKKA_MOD_01913,23
PROKKA_MOD_01914,23
PROKKA_MOD_01915,23
PROKKA_MOD_01916,23
PROKKA_MOD_01917,23
PROKKA_MOD_01918,23
PROKKA_MOD_01919,23
PROKKA_MOD_01920,23
PROKKA_MOD_01921,23
PROKKA_MOD_01922,23
PROKKA_MOD_01923,23
PROKKA_MOD_01924,23
PROKKA_MOD_01925,23
PROKKA_MOD_01926,23
PROKKA_MOD_01927,23
PROKKA_MOD_01928,23
PROKKA_MOD_01929,23
PROKKA_MOD_01930,23
PROKKA_MOD_01931,23
PROKKA_MOD_01932,23
PROKKA_MOD_01933,23
PROKKA_MOD_01934,22
PROKKA_MOD_01935,22
PROKKA_MOD_01936,22
PROKKA_MOD_01937,22
PROKKA_MOD_01938,22
PROKKA_MOD_01939,22
PROKKA_MOD_01940,22
PROKKA_MOD_01941,22
PROKKA_MOD_01942,22
PROKKA_MOD_01943,22
PROKKA_MOD_01944,21
PROKKA_MOD_01945,21
PROKKA_MOD_01946,21
PROKKA_MOD_01947,21
PROKKA_MOD_01948,21
PROKKA_MOD_01949,20
PROKKA_MOD_01950,20
PROKKA_MOD_01951,20
PROKKA_MOD_01952,20
PROKKA_MOD_01953,20
PROKKA_MOD_01954,20
PROKKA_MOD_01955,20
PROKKA_MOD_01956,20
PROKKA_MOD_01957,20
PROKKA_MOD_01958,20
PROKKA_MOD_01959,20
PROKKA_MOD_01960,20
PROKKA_MOD_01961,20
PROKKA_MOD_01962,20
PROKKA_MOD_01963,20
PROKKA_MOD_01964,20
PROKKA_MOD_01965,20
PROKKA_MOD_01966,20
PROKKA_MOD_01967,20
PROKKA_MOD_01968,20
PROKKA_MOD_01969,20
PROKKA_MOD_01970,20
PROKKA_MOD_01971,20
PROKKA_MOD_01972,20
PROKKA_MOD_01973,20
PROKKA_MOD_01974,20
PROKKA_MOD_01975,20
PROKKA_MOD_01976,20
PROKKA_MOD_01977,20
PROKKA_MOD_01978,20
PROKKA_MOD_01979,20
PROKKA_MOD_01980,20
PROKKA_MOD_01981,20
PROKKA_MOD_01982,20
PROKKA_MOD_01983,20
PROKKA_MOD_01984,20
PROKKA_MOD_01985,20
PROKKA_MOD_01986,20
PROKKA_MOD_01987,20
PROKKA_MOD_01988,19
PROKKA_MOD_01989,19
PROKKA_MOD_01990,19
PROKKA_MOD_01991,19
PROKKA_MOD_01992,19
PROKKA_MOD_01993,19
PROKKA_MOD_01994,19
PROKKA_MOD_01995,19
PROKKA_MOD_01996,19
PROKKA_MOD_01997,19
PROKKA_MOD_01998,19
PROKKA_MOD_01999,19
PROKKA_MOD_02000,19
PROKKA_MOD_02001,19
PROKKA_MOD_02002,19
PROKKA_MOD_02003,19
PROKKA_MOD_02004,19
PROKKA_MOD_02005,19
PROKKA_MOD_02006,19
PROKKA_MOD_02007,19
PROKKA_MOD_02008,19
PROKKA_MOD_02009,19
PROKKA_MOD_02010,19
PROKKA_MOD_02011,19
PROKKA_MOD_02012,19
PROKKA_MOD_02013,19
PROKKA_MOD_02014,19
PROKKA_MOD_02015,19
PROKKA_MOD_02016,19
PROKKA_MOD_02017,19
PROKKA_MOD_02018,19
PROKKA_MOD_02019,19
PROKKA_MOD_02020,19
PROKKA_MOD_02021,19
PROKKA_MOD_02022,19
PROKKA_MOD_02023,19
PROKKA_MOD_02024,19
PROKKA_MOD_02025,19
PROKKA_MOD_02026,19
PROKKA_MOD_02027,19
PROKKA_MOD_02028,19
PROKKA_MOD_02029,19
PROKKA_MOD_02030,19
PROKKA_MOD_02031,19
PROKKA_MOD_02032,19
PROKKA_MOD_02033,19
PROKKA_MOD_02034,19
PROKKA_MOD_02035,19
PROKKA_MOD_02036,19
PROKKA_MOD_02037,19
PROKKA_MOD_02038,19
PROKKA_MOD_02039,19
PROKKA_MOD_02040,19
PROKKA_MOD_02041,19
PROKKA_MOD_02042,19
PROKKA_MOD_02043,19
PROKKA_MOD_02044,19
PROKKA_MOD_02045,19
PROKKA_MOD_02046,19
PROKKA_MOD_02047,19
PROKKA_MOD_02048,19
PROKKA_MOD_02049,19
PROKKA_MOD_02050,19
PROKKA_MOD_02051,19
PROKKA_MOD_02052,19
PROKKA_MOD_02053,19
PROKKA_MOD_02054,19
PROKKA_MOD_02055,19
PROKKA_MOD_02056,19
PROKKA_MOD_02057,19
PROKKA_MOD_02058,19
PROKKA_MOD_02059,19
PROKKA_MOD_02060,19
PROKKA_MOD_02061,19
PROKKA_MOD_02062,19
PROKKA_MOD_02063,19
PROKKA_MOD_02064,19
PROKKA_MOD_02065,19
PROKKA_MOD_02066,18
PROKKA_MOD_02067,18
PROKKA_MOD_02068,18
PROKKA_MOD_02069,18
PROKKA_MOD_02070,18
PROKKA_MOD_02071,18
PROKKA_MOD_02072,18
PROKKA_MOD_02073,18
PROKKA_MOD_02074,18
PROKKA_MOD_02075,18
PROKKA_MOD_02076,18
PROKKA_MOD_02077,18
PROKKA_MOD_02078,18
PROKKA_MOD_02079,18
PROKKA_MOD_02080,18
PROKKA_MOD_02081,18
PROKKA_MOD_02082,18
PROKKA_MOD_02083,18
PROKKA_MOD_02084,18
PROKKA_MOD_02085,18
PROKKA_MOD_02086,18
PROKKA_MOD_02087,18
PROKKA_MOD_02088,18
PROKKA_MOD_02089,18
PROKKA_MOD_02090,18
PROKKA_MOD_02091,18
PROKKA_MOD_02092,18
PROKKA_MOD_02093,18
PROKKA_MOD_02094,18
PROKKA_MOD_02095,18
PROKKA_MOD_02096,18
PROKKA_MOD_02097,18
PROKKA_MOD_02098,18
PROKKA_MOD_02099,18
PROKKA_MOD_02100,18
PROKKA_MOD_02101,18
PROKKA_MOD_02102,18
PROKKA_MOD_02103,18
PROKKA_MOD_02104,18
PROKKA_MOD_02105,18
PROKKA_MOD_02106,18
PROKKA_MOD_02107,18
PROKKA_MOD_02108,18
PROKKA_MOD_02109,17
PROKKA_MOD_02110,17
PROKKA_MOD_02111,17
PROKKA_MOD_02112,17
PROKKA_MOD_02113,17
PROKKA_MOD_02114,17
PROKKA_MOD_02115,17
PROKKA_MOD_02116,17
PROKKA_MOD_02117,17
PROKKA_MOD_02118,17
PROKKA_MOD_02119,17
PROKKA_MOD_02120,17
PROKKA_MOD_02121,17
PROKKA_MOD_02122,17
PROKKA_MOD_02123,17
PROKKA_MOD_02124,17
PROKKA_MOD_02125,17
PROKKA_MOD_02126,17
PROKKA_MOD_02127,17
PROKKA_MOD_02128,17
PROKKA_MOD_02129,17
PROKKA_MOD_02130,17
PROKKA_MOD_02131,17
PROKKA_MOD_02132,17
PROKKA_MOD_02133,17
PROKKA_MOD_02134,17
PROKKA_MOD_02135,17
PROKKA_MOD_02136,17
PROKKA_MOD_02137,17
PROKKA_MOD_02138,17
PROKKA_MOD_02139,17
PROKKA_MOD_02140,17
PROKKA_MOD_02141,17
PROKKA_MOD_02142,17
PROKKA_MOD_02143,17
PROKKA_MOD_02144,17
PROKKA_MOD_02145,17
PROKKA_MOD_02146,17
PROKKA_MOD_02147,17
PROKKA_MOD_02148,17
PROKKA_MOD_02149,17
PROKKA_MOD_02150,17
PROKKA_MOD_02151,17
PROKKA_MOD_02152,17
PROKKA_MOD_02153,17
PROKKA_MOD_02154,17
PROKKA_MOD_02155,17
PROKKA_MOD_02156,17
PROKKA_MOD_02157,17
PROKKA_MOD_02158,17
PROKKA_MOD_02159,17
PROKKA_MOD_02160,17
PROKKA_MOD_02161,17
PROKKA_MOD_02162,17
PROKKA_MOD_02163,17
PROKKA_MOD_02164,17
PROKKA_MOD_02165,17
PROKKA_MOD_02166,17
PROKKA_MOD_02167,17
PROKKA_MOD_02168,17
PROKKA_MOD_02169,17
PROKKA_MOD_02170,17
PROKKA_MOD_02171,17
PROKKA_MOD_02172,17
PROKKA_MOD_02173,17
PROKKA_MOD_02174,17
PROKKA_MOD_02175,17
PROKKA_MOD_02176,17
PROKKA_MOD_02177,17
PROKKA_MOD_02178,17
PROKKA_MOD_02179,17
PROKKA_MOD_02180,17
PROKKA_MOD_02181,17
PROKKA_MOD_02182,17
PROKKA_MOD_02183,17
PROKKA_MOD_02184,17
PROKKA_MOD_02185,17
PROKKA_MOD_02186,17
PROKKA_MOD_02187,17
PROKKA_MOD_02188,17
PROKKA_MOD_02189,17
PROKKA_MOD_02190,16
PROKKA_MOD_02191,16
PROKKA_MOD_02192,16
PROKKA_MOD_02193,16
PROKKA_MOD_02194,16
PROKKA_MOD_02195,16
PROKKA_MOD_02196,16
PROKKA_MOD_02197,16
PROKKA_MOD_02198,16
PROKKA_MOD_02199,16
PROKKA_MOD_02200,16
PROKKA_MOD_02201,16
PROKKA_MOD_02202,16
PROKKA_MOD_02203,16
PROKKA_MOD_02204,16
PROKKA_MOD_02205,16
PROKKA_MOD_02206,16
PROKKA_MOD_02207,16
PROKKA_MOD_02208,16
PROKKA_MOD_02209,16
PROKKA_MOD_02210,16
PROKKA_MOD_02211,16
PROKKA_MOD_02212,16
PROKKA_MOD_02213,16
PROKKA_MOD_02214,16
PROKKA_MOD_02215,16
PROKKA_MOD_02216,16
PROKKA_MOD_02217,16
PROKKA_MOD_02218,16
PROKKA_MOD_02219,16
PROKKA_MOD_02220,16
PROKKA_MOD_02221,16
PROKKA_MOD_02222,16
PROKKA_MOD_02223,16
PROKKA_MOD_02224,16
PROKKA_MOD_02225,16
PROKKA_MOD_02226,16
PROKKA_MOD_02227,16
PROKKA_MOD_02228,16
PROKKA_MOD_02229,16
PROKKA_MOD_02230,16
PROKKA_MOD_02231,16
PROKKA_MOD_02232,16
PROKKA_MOD_02233,16
PROKKA_MOD_02234,16
PROKKA_MOD_02235,16
PROKKA_MOD_02236,16
PROKKA_MOD_02237,16
PROKKA_MOD_02238,16
PROKKA_MOD_02239,16
PROKKA_MOD_02240,16
PROKKA_MOD_02241,16
PROKKA_MOD_02242,16
PROKKA_MOD_02243,16
PROKKA_MOD_02244,16
PROKKA_MOD_02245,16
PROKKA_MOD_02246,16
PROKKA_MOD_02247,16
PROKKA_MOD_02248,16
PROKKA_MOD_02249,16
PROKKA_MOD_02250,16
PROKKA_MOD_02251,16
PROKKA_MOD_02252,16
PROKKA_MOD_02253,16
PROKKA_MOD_02254,16
PROKKA_MOD_02255,16
PROKKA_MOD_02256,16
PROKKA_MOD_02257,16
PROKKA_MOD_02258,16
PROKKA_MOD_02259,16
PROKKA_MOD_02260,16
PROKKA_MOD_02261,16
PROKKA_MOD_02262,16
PROKKA_MOD_02263,16
PROKKA_MOD_02264,16
PROKKA_MOD_02265,16
PROKKA_MOD_02266,16
PROKKA_MOD_02267,16
PROKKA_MOD_02268,16
PROKKA_MOD_02269,16
PROKKA_MOD_02270,16
PROKKA_MOD_02271,16
PROKKA_MOD_02272,16
PROKKA_MOD_02273,16
PROKKA_MOD_02274,16
PROKKA_MOD_02275,16
PROKKA_MOD_02276,16
PROKKA_MOD_02277,16
PROKKA_MOD_02278,16
PROKKA_MOD_02279,16
PROKKA_MOD_02280,16
PROKKA_MOD_02281,16
PROKKA_MOD_02282,16
PROKKA_MOD_02283,16
PROKKA_MOD_02284,16
PROKKA_MOD_02285,16
PROKKA_MOD_02286,16
PROKKA_MOD_02287,16
PROKKA_MOD_02288,16
PROKKA_MOD_02289,15
PROKKA_MOD_02290,15
PROKKA_MOD_02291,15
PROKKA_MOD_02292,15
PROKKA_MOD_02293,14
PROKKA_MOD_02294,14
PROKKA_MOD_02295,14
PROKKA_MOD_02296,14
PROKKA_MOD_02297,14
PROKKA_MOD_02298,14
PROKKA_MOD_02299,14
PROKKA_MOD_02300,14
PROKKA_MOD_02301,14
PROKKA_MOD_02302,14
PROKKA_MOD_02303,14
PROKKA_MOD_02304,14
PROKKA_MOD_02305,14
PROKKA_MOD_02306,14
PROKKA_MOD_02307,14
PROKKA_MOD_02308,14
PROKKA_MOD_02309,14
PROKKA_MOD_02310,14
PROKKA_MOD_02311,14
PROKKA_MOD_02312,14
PROKKA_MOD_02313,14
PROKKA_MOD_02314,14
PROKKA_MOD_02315,14
PROKKA_MOD_02316,14
PROKKA_MOD_02317,14
PROKKA_MOD_02318,14
PROKKA_MOD_02319,14
PROKKA_MOD_02320,14
PROKKA_MOD_02321,14
PROKKA_MOD_02322,14
PROKKA_MOD_02323,14
PROKKA_MOD_02324,14
PROKKA_MOD_02325,14
PROKKA_MOD_02326,14
PROKKA_MOD_02327,14
PROKKA_MOD_02328,14
PROKKA_MOD_02329,14
PROKKA_MOD_02330,14
PROKKA_MOD_02331,14
PROKKA_MOD_02332,14
PROKKA_MOD_02333,14
PROKKA_MOD_02334,14
PROKKA_MOD_02335,14
PROKKA_MOD_02336,14
PROKKA_MOD_02337,14
PROKKA_MOD_02338,14
PROKKA_MOD_02339,14
PROKKA_MOD_02340,14
PROKKA_MOD_02341,14
PROKKA_MOD_02342,14
PROKKA_MOD_02343,14
PROKKA_MOD_02344,14
PROKKA_MOD_02345,14
PROKKA_MOD_02346,14
PROKKA_MOD_02347,14
PROKKA_MOD_02348,14
PROKKA_MOD_02349,14
PROKKA_MOD_02350,14
PROKKA_MOD_02351,14
PROKKA_MOD_02352,14
PROKKA_MOD_02353,14
PROKKA_MOD_02354,14
PROKKA_MOD_02355,14
PROKKA_MOD_02356,14
PROKKA_MOD_02357,14
PROKKA_MOD_02358,14
PROKKA_MOD_02359,14
PROKKA_MOD_02360,14
PROKKA_MOD_02361,14
PROKKA_MOD_02362,14
PROKKA_MOD_02363,14
PROKKA_MOD_02364,14
PROKKA_MOD_02365,14
PROKKA_MOD_02366,14
PROKKA_MOD_02367,14
PROKKA_MOD_02368,14
PROKKA_MOD_02369,14
PROKKA_MOD_02370,14
PROKKA_MOD_02371,14
PROKKA_MOD_02372,14
PROKKA_MOD_02373,14
PROKKA_MOD_02374,14
PROKKA_MOD_02375,14
PROKKA_MOD_02376,14
PROKKA_MOD_02377,14
PROKKA_MOD_02378,13
PROKKA_MOD_02379,13
PROKKA_MOD_02380,13
PROKKA_MOD_02381,12
PROKKA_MOD_02382,12
PROKKA_MOD_02383,12
PROKKA_MOD_02384,12
PROKKA_MOD_02385,12
PROKKA_MOD_02386,12
PROKKA_MOD_02387,12
PROKKA_MOD_02388,12
PROKKA_MOD_02389,12
PROKKA_MOD_02390,12
PROKKA_MOD_02391,12
PROKKA_MOD_02392,12
PROKKA_MOD_02393,12
PROKKA_MOD_02394,12
PROKKA_MOD_02395,12
PROKKA_MOD_02396,11
PROKKA_MOD_02397,11
PROKKA_MOD_02398,11
PROKKA_MOD_02399,11
PROKKA_MOD_02400,11
PROKKA_MOD_02401,11
PROKKA_MOD_02402,11
PROKKA_MOD_02403,11
PROKKA_MOD_02404,11
PROKKA_MOD_02405,11
PROKKA_MOD_02406,11
PROKKA_MOD_02407,11
PROKKA_MOD_02408,11
PROKKA_MOD_02409,11
PROKKA_MOD_02410,11
PROKKA_MOD_02411,11
PROKKA_MOD_02412,11
PROKKA_MOD_02413,11
PROKKA_MOD_02414,11
PROKKA_MOD_02415,11
PROKKA_MOD_02416,11
PROKKA_MOD_02417,11
PROKKA_MOD_02418,11
PROKKA_MOD_02419,11
PROKKA_MOD_02420,11
PROKKA_MOD_02421,11
PROKKA_MOD_02422,11
PROKKA_MOD_02423,11
PROKKA_MOD_02424,11
PROKKA_MOD_02425,11
PROKKA_MOD_02426,11
PROKKA_MOD_02427,11
PROKKA_MOD_02428,11
PROKKA_MOD_02429,11
PROKKA_MOD_02430,11
PROKKA_MOD_02431,11
PROKKA_MOD_02432,11
PROKKA_MOD_02433,11
PROKKA_MOD_02434,11
PROKKA_MOD_02435,11
PROKKA_MOD_02436,11
PROKKA_MOD_02437,11
PROKKA_MOD_02438,11
PROKKA_MOD_02439,11
PROKKA_MOD_02440,11
PROKKA_MOD_02441,11
PROKKA_MOD_02442,11
PROKKA_MOD_02443,11
PROKKA_MOD_02444,11
PROKKA_MOD_02445,11
PROKKA_MOD_02446,10
PROKKA_MOD_02447,10
PROKKA_MOD_02448,10
PROKKA_MOD_02449,10
PROKKA_MOD_02450,10
PROKKA_MOD_02451,10
PROKKA_MOD_02452,10
PROKKA_MOD_02453,10
PROKKA_MOD_02454,10
PROKKA_MOD_02455,10
PROKKA_MOD_02456,10
PROKKA_MOD_02457,10
PROKKA_MOD_02458,10
PROKKA_MOD_02459,10
PROKKA_MOD_02460,10
PROKKA_MOD_02461,10
PROKKA_MOD_02462,10
PROKKA_MOD_02463,10
PROKKA_MOD_02464,10
PROKKA_MOD_02465,10
PROKKA_MOD_02466,10
PROKKA_MOD_02467,10
PROKKA_MOD_02468,10
PROKKA_MOD_02469,10
PROKKA_MOD_02470,10
PROKKA_MOD_02471,10
PROKKA_MOD_02472,10
PROKKA_MOD_02473,10
PROKKA_MOD_02474,10
PROKKA_MOD_02475,10
PROKKA_MOD_02476,10
PROKKA_MOD_02477,10
PROKKA_MOD_02478,10
PROKKA_MOD_02479,10
PROKKA_MOD_02480,10
PROKKA_MOD_02481,10
PROKKA_MOD_02482,10
PROKKA_MOD_02483,10
PROKKA_MOD_02484,10
PROKKA_MOD_02485,10
PROKKA_MOD_02486,10
PROKKA_MOD_02487,10
PROKKA_MOD_02488,10
PROKKA_MOD_02489,10
PROKKA_MOD_02490,10
PROKKA_MOD_02491,10
PROKKA_MOD_02492,10
PROKKA_MOD_02493,10
PROKKA_MOD_02494,10
PROKKA_MOD_02495,10
PROKKA_MOD_02496,10
PROKKA_MOD_02497,10
PROKKA_MOD_02498,10
PROKKA_MOD_02499,10
PROKKA_MOD_02500,10
PROKKA_MOD_02501,10
PROKKA_MOD_02502,10
PROKKA_MOD_02503,10
PROKKA_MOD_02504,10
PROKKA_MOD_02505,10
PROKKA_MOD_02506,10
PROKKA_MOD_02507,10
PROKKA_MOD_02508,10
PROKKA_MOD_02509,10
PROKKA_MOD_02510,10
PROKKA_MOD_02511,10
PROKKA_MOD_02512,10
PROKKA_MOD_02513,10
PROKKA_MOD_02514,10
PROKKA_MOD_02515,10
PROKKA_MOD_02516,10
PROKKA_MOD_02517,10
PROKKA_MOD_02518,10
PROKKA_MOD_02519,9
PROKKA_MOD_02520,9
PROKKA_MOD_02521,9
PROKKA_MOD_02522,9
PROKKA_MOD_02523,9
PROKKA_MOD_02524,9
PROKKA_MOD_02525,9
PROKKA_MOD_02526,9
PROKKA_MOD_02527,9
PROKKA_MOD_02528,9
PROKKA_MOD_02529,9
PROKKA_MOD_02530,9
PROKKA_MOD_02531,8
PROKKA_MOD_02532,8
PROKKA_MOD_02533,8
PROKKA_MOD_02534,8
PROKKA_MOD_02535,8
PROKKA_MOD_02536,8
PROKKA_MOD_02537,8
PROKKA_MOD_02538,8
PROKKA_MOD_02539,8
PROKKA_MOD_02540,8
PROKKA_MOD_02541,8
PROKKA_MOD_02542,8
PROKKA_MOD_02543,8
PROKKA_MOD_02544,8
PROKKA_MOD_02545,8
PROKKA_MOD_02546,7
PROKKA_MOD_02547,7
PROKKA_MOD_02548,7
PROKKA_MOD_02549,7
PROKKA_MOD_02550,7
PROKKA_MOD_02551,7
PROKKA_MOD_02552,7
PROKKA_MOD_02553,7
PROKKA_MOD_02554,7
PROKKA_MOD_02555,7
PROKKA_MOD_02556,7
PROKKA_MOD_02557,7
PROKKA_MOD_02558,7
PROKKA_MOD_02559,7
PROKKA_MOD_02560,7
PROKKA_MOD_02561,7
PROKKA_MOD_02562,7
PROKKA_MOD_02563,7
PROKKA_MOD_02564,7
PROKKA_MOD_02565,7
PROKKA_MOD_02566,7
PROKKA_MOD_02567,7
PROKKA_MOD_02568,7
PROKKA_MOD_02569,7
PROKKA_MOD_02570,7
PROKKA_MOD_02571,7
PROKKA_MOD_02572,7
PROKKA_MOD_02573,7
PROKKA_MOD_02574,7
PROKKA_MOD_02575,7
PROKKA_MOD_02576,7
PROKKA_MOD_02577,7
PROKKA_MOD_02578,7
PROKKA_MOD_02579,7
PROKKA_MOD_02580,7
PROKKA_MOD_02581,7
PROKKA_MOD_02582,7
PROKKA_MOD_02583,7
PROKKA_MOD_02584,7
PROKKA_MOD_02585,7
PROKKA_MOD_02586,7
PROKKA_MOD_02587,7
PROKKA_MOD_02588,7
PROKKA_MOD_02589,7
PROKKA_MOD_02590,7
PROKKA_MOD_02591,7
PROKKA_MOD_02592,7
PROKKA_MOD_02593,7
PROKKA_MOD_02594,7
PROKKA_MOD_02595,7
PROKKA_MOD_02596,7
PROKKA_MOD_02597,7
PROKKA_MOD_02598,7
PROKKA_MOD_02599,7
PROKKA_MOD_02600,7
PROKKA_MOD_02601,7
PROKKA_MOD_02602,7
PROKKA_MOD_02603,7
PROKKA_MOD_02604,7
PROKKA_MOD_02605,7
PROKKA_MOD_02606,7
PROKKA_MOD_02607,7
PROKKA_MOD_02608,7
PROKKA_MOD_02609,7
PROKKA_MOD_02610,7
PROKKA_MOD_02611,7
PROKKA_MOD_02612,7
PROKKA_MOD_02613,7
PROKKA_MOD_02614,7
PROKKA_MOD_02615,7
PROKKA_MOD_02616,7
PROKKA_MOD_02617,7
PROKKA_MOD_02618,7
PROKKA_MOD_02619,7
PROKKA_MOD_02620,7
PROKKA_MOD_02621,7
PROKKA_MOD_02622,7
PROKKA_MOD_02623,7
PROKKA_MOD_02624,7
PROKKA_MOD_02625,7
PROKKA_MOD_02626,7
PROKKA_MOD_02627,7
PROKKA_MOD_02628,7
PROKKA_MOD_02629,7
PROKKA_MOD_02630,7
PROKKA_MOD_02631,7
PROKKA_MOD_02632,7
PROKKA_MOD_02633,7
PROKKA_MOD_02634,7
PROKKA_MOD_02635,7
PROKKA_MOD_02636,7
PROKKA_MOD_02637,7
PROKKA_MOD_02638,7
PROKKA_MOD_02639,7
PROKKA_MOD_02640,7
PROKKA_MOD_02641,7
PROKKA_MOD_02642,7
PROKKA_MOD_02643,7
PROKKA_MOD_02644,7
PROKKA_MOD_02645,7
PROKKA_MOD_02646,7
PROKKA_MOD_02647,7
PROKKA_MOD_02648,7
PROKKA_MOD_02649,7
PROKKA_MOD_02650,7
PROKKA_MOD_02651,7
PROKKA_MOD_02652,7
PROKKA_MOD_02653,7
PROKKA_MOD_02654,7
PROKKA_MOD_02655,7
PROKKA_MOD_02656,7
PROKKA_MOD_02657,7
PROKKA_MOD_02658,7
PROKKA_MOD_02659,7
PROKKA_MOD_02660,7
PROKKA_MOD_02661,7
PROKKA_MOD_02662,7
PROKKA_MOD_02663,7
PROKKA_MOD_02664,7
PROKKA_MOD_02665,7
PROKKA_MOD_02666,7
PROKKA_MOD_02667,7
PROKKA_MOD_02668,7
PROKKA_MOD_02669,7
PROKKA_MOD_02670,7
PROKKA_MOD_02671,7
PROKKA_MOD_02672,7
PROKKA_MOD_02673,6
PROKKA_MOD_02674,6
PROKKA_MOD_02675,6
PROKKA_MOD_02676,6
PROKKA_MOD_02677,6
PROKKA_MOD_02678,6
PROKKA_MOD_02679,6
PROKKA_MOD_02680,6
PROKKA_MOD_02681,6
PROKKA_MOD_02682,6
PROKKA_MOD_02683,6
PROKKA_MOD_02684,6
PROKKA_MOD_02685,6
PROKKA_MOD_02686,6
PROKKA_MOD_02687,6
PROKKA_MOD_02688,6
PROKKA_MOD_02689,6
PROKKA_MOD_02690,6
PROKKA_MOD_02691,6
PROKKA_MOD_02692,6
PROKKA_MOD_02693,6
PROKKA_MOD_02694,6
PROKKA_MOD_02695,6
PROKKA_MOD_02696,6
PROKKA_MOD_02697,6
PROKKA_MOD_02698,6
PROKKA_MOD_02699,6
PROKKA_MOD_02700,6
PROKKA_MOD_02701,6
PROKKA_MOD_02702,6
PROKKA_MOD_02703,6
PROKKA_MOD_02704,6
PROKKA_MOD_02705,6
PROKKA_MOD_02706,6
PROKKA_MOD_02707,6
PROKKA_MOD_02708,6
PROKKA_MOD_02709,6
PROKKA_MOD_02710,6
PROKKA_MOD_02711,6
PROKKA_MOD_02712,5
PROKKA_MOD_02713,5
PROKKA_MOD_02714,5
PROKKA_MOD_02715,5
PROKKA_MOD_02716,5
PROKKA_MOD_02717,5
PROKKA_MOD_02718,5
PROKKA_MOD_02719,5
PROKKA_MOD_02720,5
PROKKA_MOD_02721,5
PROKKA_MOD_02722,5
PROKKA_MOD_02723,5
PROKKA_MOD_02724,5
PROKKA_MOD_02725,5
PROKKA_MOD_02726,5
PROKKA_MOD_02727,5
PROKKA_MOD_02728,5
PROKKA_MOD_02729,5
PROKKA_MOD_02730,5
PROKKA_MOD_02731,5
PROKKA_MOD_02732,5
PROKKA_MOD_02733,5
PROKKA_MOD_02734,5
PROKKA_MOD_02735,5
PROKKA_MOD_02736,5
PROKKA_MOD_02737,5
PROKKA_MOD_02738,5
PROKKA_MOD_02739,5
PROKKA_MOD_02740,5
PROKKA_MOD_02741,5
PROKKA_MOD_02742,5
PROKKA_MOD_02743,5
PROKKA_MOD_02744,5
PROKKA_MOD_02745,5
PROKKA_MOD_02746,5
PROKKA_MOD_02747,5
PROKKA_MOD_02748,5
PROKKA_MOD_02749,5
PROKKA_MOD_02750,5
PROKKA_MOD_02751,5
PROKKA_MOD_02752,5
PROKKA_MOD_02753,5
PROKKA_MOD_02754,5
PROKKA_MOD_02755,5
PROKKA_MOD_02756,5
PROKKA_MOD_02757,5
PROKKA_MOD_02758,5
PROKKA_MOD_02759,5
PROKKA_MOD_02760,5
PROKKA_MOD_02761,5
PROKKA_MOD_02762,5
PROKKA_MOD_02763,5
PROKKA_MOD_02764,5
PROKKA_MOD_02765,5
PROKKA_MOD_02766,5
PROKKA_MOD_02767,5
PROKKA_MOD_02768,5
PROKKA_MOD_02769,5
PROKKA_MOD_02770,5
PROKKA_MOD_02771,5
PROKKA_MOD_02772,5
PROKKA_MOD_02773,5
PROKKA_MOD_02774,5
PROKKA_MOD_02775,5
PROKKA_MOD_02776,5
PROKKA_MOD_02777,5
PROKKA_MOD_02778,5
PROKKA_MOD_02779,5
PROKKA_MOD_02780,5
PROKKA_MOD_02781,5
PROKKA_MOD_02782,5
PROKKA_MOD_02783,5
PROKKA_MOD_02784,5
PROKKA_MOD_02785,5
PROKKA_MOD_02786,5
PROKKA_MOD_02787,5
PROKKA_MOD_02788,5
PROKKA_MOD_02789,5
PROKKA_MOD_02790,5
PROKKA_MOD_02791,5
PROKKA_MOD_02792,5
PROKKA_MOD_02793,5
PROKKA_MOD_02794,5
PROKKA_MOD_02795,5
PROKKA_MOD_02796,5
PROKKA_MOD_02797,5
PROKKA_MOD_02798,5
PROKKA_MOD_02799,5
PROKKA_MOD_02800,5
PROKKA_MOD_02801,5
PROKKA_MOD_02802,5
PROKKA_MOD_02803,5
PROKKA_MOD_02804,5
PROKKA_MOD_02805,5
PROKKA_MOD_02806,5
PROKKA_MOD_02807,5
PROKKA_MOD_02808,5
PROKKA_MOD_02809,5
PROKKA_MOD_02810,5
PROKKA_MOD_02811,5
PROKKA_MOD_02812,5
PROKKA_MOD_02813,5
PROKKA_MOD_02814,5
PROKKA_MOD_02815,5
PROKKA_MOD_02816,5
PROKKA_MOD_02817,5
PROKKA_MOD_02818,5
PROKKA_MOD_02819,5
PROKKA_MOD_02820,5
PROKKA_MOD_02821,5
PROKKA_MOD_02822,5
PROKKA_MOD_02823,5
PROKKA_MOD_02824,5
PROKKA_MOD_02825,5
PROKKA_MOD_02826,5
PROKKA_MOD_02827,5
PROKKA_MOD_02828,5
PROKKA_MOD_02829,5
PROKKA_MOD_02830,5
PROKKA_MOD_02831,5
PROKKA_MOD_02832,5
PROKKA_MOD_02833,5
PROKKA_MOD_02834,5
PROKKA_MOD_02835,5
PROKKA_MOD_02836,5
PROKKA_MOD_02837,5
PROKKA_MOD_02838,5
PROKKA_MOD_02839,5
PROKKA_MOD_02840,5
PROKKA_MOD_02841,5
PROKKA_MOD_02842,5
PROKKA_MOD_02843,5
PROKKA_MOD_02844,5
PROKKA_MOD_02845,5
PROKKA_MOD_02846,5
PROKKA_MOD_02847,5
PROKKA_MOD_02848,5
PROKKA_MOD_02849,5
PROKKA_MOD_02850,5
PROKKA_MOD_02851,5
PROKKA_MOD_02852,5
PROKKA_MOD_02853,5
PROKKA_MOD_02854,5
PROKKA_MOD_02855,5
PROKKA_MOD_02856,5
PROKKA_MOD_02857,5
PROKKA_MOD_02858,5
PROKKA_MOD_02859,5
PROKKA_MOD_02860,5
PROKKA_MOD_02861,5
PROKKA_MOD_02862,5
PROKKA_MOD_02863,5
PROKKA_MOD_02864,4
PROKKA_MOD_02865,4
PROKKA_MOD_02866,4
PROKKA_MOD_02867,4
PROKKA_MOD_02868,4
PROKKA_MOD_02869,4
PROKKA_MOD_02870,4
PROKKA_MOD_02871,4
PROKKA_MOD_02872,4
PROKKA_MOD_02873,4
PROKKA_MOD_02874,4
PROKKA_MOD_02875,4
PROKKA_MOD_02876,4
PROKKA_MOD_02877,4
PROKKA_MOD_02878,4
PROKKA_MOD_02879,4
PROKKA_MOD_02880,4
PROKKA_MOD_02881,4
PROKKA_MOD_02882,4
PROKKA_MOD_02883,4
PROKKA_MOD_02884,4
PROKKA_MOD_02885,4
PROKKA_MOD_02886,4
PROKKA_MOD_02887,4
PROKKA_MOD_02888,4
PROKKA_MOD_02889,4
PROKKA_MOD_02890,4
PROKKA_MOD_02891,4
PROKKA_MOD_02892,4
PROKKA_MOD_02893,4
PROKKA_MOD_02894,4
PROKKA_MOD_02895,4
PROKKA_MOD_02896,4
PROKKA_MOD_02897,4
PROKKA_MOD_02898,4
PROKKA_MOD_02899,4
PROKKA_MOD_02900,4
PROKKA_MOD_02901,4
PROKKA_MOD_02902,4
PROKKA_MOD_02903,4
PROKKA_MOD_02904,4
PROKKA_MOD_02905,4
PROKKA_MOD_02906,4
PROKKA_MOD_02907,4
PROKKA_MOD_02908,4
PROKKA_MOD_02909,4
PROKKA_MOD_02910,4
PROKKA_MOD_02911,4
PROKKA_MOD_02912,4
PROKKA_MOD_02913,4
PROKKA_MOD_02914,4
PROKKA_MOD_02915,4
PROKKA_MOD_02916,4
PROKKA_MOD_02917,4
PROKKA_MOD_02918,4
PROKKA_MOD_02919,4
PROKKA_MOD_02920,4
PROKKA_MOD_02921,4
PROKKA_MOD_02922,4
PROKKA_MOD_02923,4
PROKKA_MOD_02924,4
PROKKA_MOD_02925,4
PROKKA_MOD_02926,4
PROKKA_MOD_02927,4
PROKKA_MOD_02928,4
PROKKA_MOD_02929,4
PROKKA_MOD_02930,4
PROKKA_MOD_02931,4
PROKKA_MOD_02932,4
PROKKA_MOD_02933,4
PROKKA_MOD_02934,4
PROKKA_MOD_02935,4
PROKKA_MOD_02936,4
PROKKA_MOD_02937,4
PROKKA_MOD_02938,4
PROKKA_MOD_02939,4
PROKKA_MOD_02940,4
PROKKA_MOD_02941,4
PROKKA_MOD_02942,4
PROKKA_MOD_02943,4
PROKKA_MOD_02944,4
PROKKA_MOD_02945,4
PROKKA_MOD_02946,4
PROKKA_MOD_02947,4
PROKKA_MOD_02948,4
PROKKA_MOD_02949,3
PROKKA_MOD_02950,3
PROKKA_MOD_02951,3
PROKKA_MOD_02952,3
PROKKA_MOD_02953,3
PROKKA_MOD_02954,3
PROKKA_MOD_02955,3
PROKKA_MOD_02956,3
PROKKA_MOD_02957,3
PROKKA_MOD_02958,3
PROKKA_MOD_02959,3
PROKKA_MOD_02960,3
PROKKA_MOD_02961,3
PROKKA_MOD_02962,3
PROKKA_MOD_02963,3
PROKKA_MOD_02964,3
PROKKA_MOD_02965,3
PROKKA_MOD_02966,3
PROKKA_MOD_02967,3
PROKKA_MOD_02968,3
PROKKA_MOD_02969,3
PROKKA_MOD_02970,3
PROKKA_MOD_02971,3
PROKKA_MOD_02972,3
PROKKA_MOD_02973,3
PROKKA_MOD_02974,3
PROKKA_MOD_02975,3
PROKKA_MOD_02976,3
PROKKA_MOD_02977,3
PROKKA_MOD_02978,2
PROKKA_MOD_02979,2
PROKKA_MOD_02980,2
PROKKA_MOD_02981,2
PROKKA_MOD_02982,2
PROKKA_MOD_02983,2
PROKKA_MOD_02984,2
PROKKA_MOD_02985,2
PROKKA_MOD_02986,2
PROKKA_MOD_02987,2
PROKKA_MOD_02988,2
PROKKA_MOD_02989,2
PROKKA_MOD_02990,2
PROKKA_MOD_02991,2
PROKKA_MOD_02992,2
PROKKA_MOD_02993,2
PROKKA_MOD_02994,2
PROKKA_MOD_02995,2
PROKKA_MOD_02996,2
PROKKA_MOD_02997,2
PROKKA_MOD_02998,2
PROKKA_MOD_02999,2
PROKKA_MOD_03000,2
PROKKA_MOD_03001,2
PROKKA_MOD_03002,2
PROKKA_MOD_03003,2
PROKKA_MOD_03004,2
PROKKA_MOD_03005,2
PROKKA_MOD_03006,2
PROKKA_MOD_03007,2
PROKKA_MOD_03008,2
PROKKA_MOD_03009,2
PROKKA_MOD_03010,2
PROKKA_MOD_03011,2
PROKKA_MOD_03012,2
PROKKA_MOD_03013,2
PROKKA_MOD_03014,2
PROKKA_MOD_03015,2
PROKKA_MOD_03016,2
PROKKA_MOD_03017,2
PROKKA_MOD_03018,2
PROKKA_MOD_03019,2
PROKKA_MOD_03020,2
PROKKA_MOD_03021,2
PROKKA_MOD_03022,2
PROKKA_MOD_03023,2
PROKKA_MOD_03024,2
PROKKA_MOD_03025,2
PROKKA_MOD_03026,2
PROKKA_MOD_03027,2
PROKKA_MOD_03028,2
PROKKA_MOD_03029,2
PROKKA_MOD_03030,2
PROKKA_MOD_03031,2
PROKKA_MOD_03032,2
PROKKA_MOD_03033,2
PROKKA_MOD_03034,2
PROKKA_MOD_03035,2
PROKKA_MOD_03036,2
PROKKA_MOD_03037,2
PROKKA_MOD_03038,2
PROKKA_MOD_03039,2
PROKKA_MOD_03040,2
PROKKA_MOD_03041,2
PROKKA_MOD_03042,2
PROKKA_MOD_03043,2
PROKKA_MOD_03044,2
PROKKA_MOD_03045,2
PROKKA_MOD_03046,2
PROKKA_MOD_03047,2
PROKKA_MOD_03048,2
PROKKA_MOD_03049,2
PROKKA_MOD_03050,2
PROKKA_MOD_03051,2
PROKKA_MOD_03052,2
PROKKA_MOD_03053,2
PROKKA_MOD_03054,2
PROKKA_MOD_03055,2
PROKKA_MOD_03056,2
PROKKA_MOD_03057,2
PROKKA_MOD_03058,2
PROKKA_MOD_03059,2
PROKKA_MOD_03060,2
PROKKA_MOD_03061,2
PROKKA_MOD_03062,2
PROKKA_MOD_03063,2
PROKKA_MOD_03064,2
PROKKA_MOD_03065,2
PROKKA_MOD_03066,2
PROKKA_MOD_03067,2
PROKKA_MOD_03068,2
PROKKA_MOD_03069,2
PROKKA_MOD_03070,2
PROKKA_MOD_03071,2
PROKKA_MOD_03072,2
PROKKA_MOD_03073,2
PROKKA_MOD_03074,2
PROKKA_MOD_03075,2
PROKKA_MOD_03076,2
PROKKA_MOD_03077,2
PROKKA_MOD_03078,2
PROKKA_MOD_03079,2
PROKKA_MOD_03080,2
PROKKA_MOD_03081,2
PROKKA_MOD_03082,2
PROKKA_MOD_03083,2
PROKKA_MOD_03084,2
PROKKA_MOD_03085,2
PROKKA_MOD_03086,2
PROKKA_MOD_03087,2
PROKKA_MOD_03088,2
PROKKA_MOD_03089,2
PROKKA_MOD_03090,2
PROKKA_MOD_03091,2
PROKKA_MOD_03092,2
PROKKA_MOD_03093,2
PROKKA_MOD_03094,2
PROKKA_MOD_03095,2
PROKKA_MOD_03096,2
PROKKA_MOD_03097,1
PROKKA_MOD_03098,1
PROKKA_MOD_03099,1
PROKKA_MOD_03100,1
PROKKA_MOD_03101,1
PROKKA_MOD_03102,1
PROKKA_MOD_03103,1
PROKKA_MOD_03104,1
PROKKA_MOD_03105,1
PROKKA_MOD_03106,1
PROKKA_MOD_03107,1
PROKKA_MOD_03108,1
PROKKA_MOD_03109,1
PROKKA_MOD_03110,1
PROKKA_MOD_03111,1
PROKKA_MOD_03112,1
PROKKA_MOD_03113,1
PROKKA_MOD_03114,1
PROKKA_MOD_03115,1
PROKKA_MOD_03116,1
PROKKA_MOD_03117,1
PROKKA_MOD_03118,1
PROKKA_MOD_03119,1
PROKKA_MOD_03120,1
PROKKA_MOD_03121,1
PROKKA_MOD_03122,1
PROKKA_MOD_03123,1
PROKKA_MOD_03124,1
PROKKA_MOD_03125,1
PROKKA_MOD_03126,1
PROKKA_MOD_03127,1
PROKKA_MOD_03128,1
PROKKA_MOD_03129,1
PROKKA_MOD_03130,1
PROKKA_MOD_03131,1
PROKKA_MOD_03132,1
PROKKA_MOD_03133,1
PROKKA_MOD_03134,1
PROKKA_MOD_03135,1
PROKKA_MOD_03136,1
PROKKA_MOD_03137,1
PROKKA_MOD_03138,1
PROKKA_MOD_03139,1
PROKKA_MOD_03140,1
PROKKA_MOD_03141,1
PROKKA_MOD_03142,1
PROKKA_MOD_03143,1
PROKKA_MOD_03144,1
PROKKA_MOD_03145,1
PROKKA_MOD_03146,1
PROKKA_MOD_03147,1
PROKKA_MOD_03148,1
PROKKA_MOD_03149,1
PROKKA_MOD_03150,1
PROKKA_MOD_03151,1
PROKKA_MOD_03152,1
PROKKA_MOD_03153,1
PROKKA_MOD_03154,1
PROKKA_MOD_03155,1
PROKKA_MOD_03156,1
PROKKA_MOD_03157,1
PROKKA_MOD_03158,1
PROKKA_MOD_03159,1
PROKKA_MOD_03160,1
PROKKA_MOD_03161,1
PROKKA_MOD_03162,1
PROKKA_MOD_03163,1
PROKKA_MOD_03164,1
PROKKA_MOD_03165,1
PROKKA_MOD_03166,1
PROKKA_MOD_03167,1
PROKKA_MOD_03168,1
PROKKA_MOD_03169,1
PROKKA_MOD_03170,1
PROKKA_MOD_03171,1
PROKKA_MOD_03172,1
PROKKA_MOD_03173,1
PROKKA_MOD_03174,1
PROKKA_MOD_03175,1
PROKKA_MOD_03176,1
PROKKA_MOD_03177,1
PROKKA_MOD_03178,1
PROKKA_MOD_03179,1
PROKKA_MOD_03180,1
PROKKA_MOD_03181,1
PROKKA_MOD_03182,1
PROKKA_MOD_03183,1
PROKKA_MOD_03184,1
PROKKA_MOD_03185,1
PROKKA_MOD_03186,1
PROKKA_MOD_03187,1
PROKKA_MOD_03188,1
PROKKA_MOD_03189,1
PROKKA_MOD_03190,1
PROKKA_MOD_03191,1
PROKKA_MOD_03192,1
PROKKA_MOD_03193,1
PROKKA_MOD_03194,1
PROKKA_MOD_03195,1
PROKKA_MOD_03196,1
PROKKA_MOD_03197,1
PROKKA_MOD_03198,1
PROKKA_MOD_03199,1
PROKKA_MOD_03200,1
PROKKA_MOD_03201,1
PROKKA_MOD_03202,1
PROKKA_MOD_03203,1
PROKKA_MOD_03204,1
PROKKA_MOD_03205,1
PROKKA_MOD_03206,1
PROKKA_MOD_03207,1
PROKKA_MOD_03208,1
PROKKA_MOD_03209,1
PROKKA_MOD_03210,1
PROKKA_MOD_03211,1
PROKKA_MOD_03212,1
PROKKA_MOD_03213,1
PROKKA_MOD_03214,1
PROKKA_MOD_03215,1
PROKKA_MOD_03216,1
PROKKA_MOD_03217,1
PROKKA_MOD_03218,1
PROKKA_MOD_03219,1
PROKKA_MOD_03220,1
PROKKA_MOD_03221,1
PROKKA_MOD_03222,1
PROKKA_MOD_03223,1
PROKKA_MOD_03224,1
PROKKA_MOD_03225,1
PROKKA_MOD_03226,1
PROKKA_MOD_03227,1
PROKKA_MOD_03228,1
PROKKA_MOD_03229,1
PROKKA_MOD_03230,1
PROKKA_MOD_03231,1
PROKKA_MOD_03232,1
PROKKA_MOD_03233,1
PROKKA_MOD_03234,1
PROKKA_MOD_03235,1
PROKKA_MOD_03236,1
PROKKA_MOD_03237,1
PROKKA_MOD_03238,1
PROKKA_MOD_03239,1
PROKKA_MOD_03240,1
PROKKA_MOD_03241,1
PROKKA_MOD_03242,1
PROKKA_MOD_03243,1
PROKKA_MOD_03244,1
PROKKA_MOD_03245,1
PROKKA_MOD_03246,1
PROKKA_MOD_03247,1
PROKKA_MOD_03248,1
PROKKA_MOD_03249,1
PROKKA_MOD_03250,1
PROKKA_MOD_03251,1
PROKKA_MOD_03252,1
PROKKA_MOD_03253,1
PROKKA_MOD_03254,1
